date;atmdeviceid;at;totalamount
20.06.2024;397;13;48100000
05.06.2024;397;21;45220000
04.06.2024;9;17;43640000
28.06.2024;9;15;41450000
08.07.2024;1595;9;40650000
08.07.2024;1595;12;38010000
11.06.2024;397;17;33310000
30.05.2024;397;20;32350000
10.07.2024;397;17;31000000
24.06.2024;397;16;30940000
04.07.2024;397;20;29760000
12.06.2024;9;17;29100000
08.07.2024;1595;11;29040000
06.06.2024;397;11;28790000
04.07.2024;1595;6;28380000
05.06.2024;397;18;27800000
18.07.2024;1595;17;26930000
25.06.2024;397;21;24220000
04.07.2024;1595;7;23230000
07.07.2024;397;10;23000000
11.07.2024;9;14;23000000
11.07.2024;397;18;22950000
04.06.2024;9;15;22860000
05.06.2024;9;19;21550000
08.07.2024;9;9;20800000
04.06.2024;9;11;20700000
29.06.2024;397;13;20690000
05.07.2024;397;10;20520000
05.07.2024;397;12;20480000
23.06.2024;397;21;20360000
08.07.2024;397;14;19920000
16.07.2024;397;4;19860000
12.06.2024;397;16;19330000
04.07.2024;1595;13;19200000
08.07.2024;1595;13;18700000
05.07.2024;397;17;18580000
05.07.2024;397;0;18560000
07.07.2024;397;9;18510000
06.06.2024;397;9;18330000
12.07.2024;9;11;18300100
04.07.2024;1595;11;18080000
05.06.2024;397;20;18020000
28.06.2024;9;10;17850000
05.07.2024;397;20;17690000
04.07.2024;1595;12;17550000
26.06.2024;397;21;17150000
11.06.2024;397;19;17000000
10.07.2024;397;18;16550000
14.06.2024;397;20;16420000
17.07.2024;397;14;16230000
11.06.2024;397;18;16030000
08.06.2024;397;14;15870000
04.07.2024;1595;2;15860000
09.07.2024;397;15;15710000
19.06.2024;397;9;15350000
05.07.2024;397;6;15300000
19.06.2024;9;10;15050000
06.06.2024;397;21;14620000
29.05.2024;397;12;14490000
26.05.2024;397;12;14400000
30.06.2024;397;12;14400000
04.07.2024;397;9;14400000
04.06.2024;9;16;14390000
09.07.2024;397;10;14190000
05.07.2024;397;11;14030000
04.07.2024;397;8;13910000
12.07.2024;397;11;13910000
05.07.2024;397;14;13860000
03.06.2024;611;13;13820000
31.05.2024;397;18;13720000
04.07.2024;9;16;13720000
07.07.2024;397;8;13660000
28.06.2024;397;16;13590000
05.07.2024;397;9;13570000
05.07.2024;397;13;13260000
05.07.2024;397;19;13200000
05.06.2024;9;9;13100000
06.07.2024;9;19;12910000
04.06.2024;9;10;12800000
05.07.2024;9;18;12710200
08.07.2024;1595;10;12680000
03.06.2024;9;10;12500000
26.06.2024;397;19;12500000
04.07.2024;1595;10;12450000
10.07.2024;397;20;12440000
04.06.2024;9;13;12410000
30.05.2024;9;15;12400000
25.05.2024;397;9;12350000
08.06.2024;397;18;12300000
08.07.2024;397;18;12210000
09.07.2024;397;9;12100000
04.07.2024;1595;16;12000000
11.07.2024;397;8;11840000
03.06.2024;397;13;11800000
04.07.2024;9;17;11770000
10.07.2024;397;11;11650000
14.06.2024;397;13;11640000
09.06.2024;397;9;11550000
14.06.2024;611;8;11550000
09.06.2024;397;12;11510000
28.05.2024;397;12;11500000
20.06.2024;397;14;11470000
04.06.2024;9;8;11400000
17.06.2024;397;18;11400000
04.07.2024;397;2;11360000
07.06.2024;397;16;11340000
11.06.2024;397;14;11320000
07.07.2024;397;13;11300000
06.06.2024;397;16;11280000
31.05.2024;397;11;11220000
05.06.2024;9;11;11200000
10.06.2024;9;11;11110000
18.06.2024;397;10;11100000
20.06.2024;397;10;11030000
11.07.2024;397;19;11000000
15.07.2024;9;23;10950000
01.07.2024;9;14;10860000
08.07.2024;1595;14;10710000
19.07.2024;397;18;10700000
05.06.2024;9;12;10650200
03.06.2024;9;15;10580000
01.07.2024;9;11;10500000
03.06.2024;9;14;10460000
01.07.2024;397;13;10300000
17.07.2024;397;22;10280000
04.07.2024;1595;14;10250000
04.07.2024;9;22;10200000
16.07.2024;397;6;10190000
04.07.2024;397;3;10170000
12.07.2024;397;10;10160000
07.06.2024;397;10;10050000
04.07.2024;9;11;10050000
03.06.2024;9;13;10000000
03.06.2024;397;14;10000000
06.06.2024;9;16;10000000
05.07.2024;9;17;10000000
05.07.2024;9;20;10000000
17.07.2024;397;4;10000000
11.07.2024;397;22;9980000
05.06.2024;611;12;9940000
30.05.2024;397;17;9900000
11.07.2024;397;16;9720000
28.06.2024;397;9;9690000
17.07.2024;397;16;9690000
13.06.2024;397;22;9640000
20.07.2024;397;0;9530000
17.07.2024;397;0;9480000
29.05.2024;397;10;9420000
11.06.2024;397;15;9400000
27.06.2024;611;16;9300000
11.07.2024;397;9;9280000
05.07.2024;397;15;9250000
09.07.2024;9;13;9190000
01.07.2024;611;18;9150000
14.06.2024;397;19;9110000
28.05.2024;397;15;9100000
17.07.2024;397;13;9010000
20.06.2024;397;19;9000000
04.07.2024;9;10;8900000
04.07.2024;397;1;8850000
10.07.2024;397;9;8850000
30.05.2024;397;21;8800000
14.07.2024;397;13;8800000
06.06.2024;397;1;8710000
05.06.2024;9;13;8700000
22.06.2024;397;21;8700000
01.07.2024;397;23;8580000
26.05.2024;397;10;8550000
06.06.2024;397;8;8500000
16.07.2024;397;0;8500000
19.07.2024;397;11;8470000
29.05.2024;397;19;8450000
04.07.2024;397;18;8410000
04.07.2024;397;0;8400000
04.07.2024;397;5;8350000
06.06.2024;9;15;8320000
04.07.2024;9;13;8320000
27.06.2024;397;8;8300000
20.07.2024;397;13;8300000
04.06.2024;611;12;8270000
10.07.2024;397;16;8250000
07.07.2024;397;15;8230000
14.07.2024;397;10;8200000
15.06.2024;397;17;8170000
30.06.2024;397;11;8150000
30.05.2024;9;20;8000000
08.07.2024;397;19;8000000
12.06.2024;397;20;7960000
17.07.2024;397;23;7950000
15.06.2024;397;10;7910000
25.06.2024;397;9;7850000
14.07.2024;397;9;7850000
14.06.2024;397;18;7800000
05.07.2024;397;16;7750000
28.05.2024;9;16;7700000
06.06.2024;397;18;7700000
03.06.2024;611;17;7680000
14.06.2024;397;9;7650000
04.07.2024;1595;15;7650000
05.07.2024;397;8;7600000
08.06.2024;397;13;7570000
04.07.2024;9;12;7550000
10.07.2024;397;19;7540000
04.07.2024;1595;1;7500000
05.07.2024;9;11;7500000
16.07.2024;397;2;7500000
24.06.2024;397;15;7460000
07.06.2024;397;17;7450000
31.05.2024;397;20;7400000
08.07.2024;1595;17;7390000
13.06.2024;397;12;7370000
19.06.2024;397;11;7350000
28.05.2024;397;10;7320000
01.06.2024;397;10;7270000
01.06.2024;397;8;7200000
04.07.2024;397;21;7200000
05.07.2024;1117;9;7190000
03.06.2024;9;12;7150000
12.07.2024;9;8;7120000
12.06.2024;397;19;7100000
11.07.2024;9;15;7100000
13.06.2024;397;9;7060000
19.06.2024;9;15;7050000
01.06.2024;9;20;7000000
04.06.2024;9;9;7000000
12.07.2024;9;12;7000000
31.05.2024;397;19;6960000
04.07.2024;9;14;6940000
05.06.2024;9;17;6840000
01.07.2024;397;15;6830000
04.07.2024;1117;21;6830000
01.07.2024;397;18;6750000
10.07.2024;397;12;6750000
16.07.2024;397;19;6750000
24.06.2024;611;16;6700000
20.07.2024;397;14;6700000
21.06.2024;397;21;6650000
28.06.2024;397;20;6600000
09.07.2024;9;18;6500000
11.07.2024;397;13;6450000
05.07.2024;397;23;6420000
12.07.2024;397;9;6400000
15.06.2024;397;7;6350000
13.06.2024;397;17;6310000
17.07.2024;397;11;6300000
26.06.2024;397;12;6290000
01.07.2024;9;16;6290000
16.07.2024;397;14;6260000
15.06.2024;397;8;6250000
07.07.2024;397;7;6250000
14.06.2024;397;11;6140000
15.07.2024;9;18;6090000
09.07.2024;397;21;6070000
14.06.2024;9;14;6050000
05.07.2024;9;14;6040000
11.07.2024;9;20;6000000
20.07.2024;9;8;6000000
18.07.2024;397;15;5990000
14.06.2024;9;10;5950000
15.06.2024;397;11;5920000
06.06.2024;397;17;5900000
30.05.2024;9;19;5850000
01.06.2024;397;18;5850000
27.06.2024;397;11;5800000
07.07.2024;9;15;5800000
26.05.2024;397;11;5750000
04.07.2024;397;19;5690000
14.06.2024;397;12;5580000
08.06.2024;397;9;5550000
17.07.2024;397;21;5510000
07.06.2024;397;12;5500000
08.07.2024;397;15;5500000
10.06.2024;9;10;5400000
30.06.2024;397;14;5400000
14.07.2024;9;13;5400000
08.07.2024;9;14;5370000
21.06.2024;397;11;5360000
23.06.2024;397;10;5350000
26.06.2024;397;14;5330000
22.06.2024;397;7;5300000
08.07.2024;9;10;5250000
08.06.2024;397;16;5200000
13.06.2024;9;10;5200000
08.07.2024;9;11;5200000
16.07.2024;397;11;5200000
17.07.2024;611;0;5200000
18.07.2024;397;11;5200000
24.06.2024;397;11;5150000
08.06.2024;9;19;5140000
13.06.2024;9;11;5110000
18.07.2024;9;17;5110000
30.05.2024;397;14;5100000
01.06.2024;397;19;5100000
10.06.2024;397;17;5100000
23.06.2024;397;12;5100000
04.07.2024;611;14;5100000
08.07.2024;1595;18;5070000
22.06.2024;397;15;5050000
15.06.2024;397;15;5040000
11.07.2024;397;15;5040000
04.06.2024;9;18;5030300
03.06.2024;9;20;5000000
07.06.2024;397;8;5000000
14.06.2024;397;10;5000000
21.06.2024;397;17;5000000
12.07.2024;397;19;5000000
14.06.2024;397;17;4990000
01.07.2024;397;22;4990000
09.07.2024;397;12;4990000
31.05.2024;397;16;4970000
30.05.2024;397;9;4950000
17.07.2024;611;14;4950000
07.06.2024;397;9;4930000
08.06.2024;397;19;4920000
03.06.2024;9;9;4910000
21.06.2024;397;19;4910000
07.07.2024;397;12;4900000
14.07.2024;397;8;4900000
07.06.2024;397;19;4880000
13.06.2024;397;20;4840000
10.07.2024;1117;11;4820000
30.05.2024;397;15;4800000
08.07.2024;1595;15;4740000
28.05.2024;397;14;4730000
22.06.2024;397;10;4720000
26.05.2024;397;9;4700000
06.06.2024;397;12;4700000
09.06.2024;397;19;4700000
09.06.2024;397;20;4700000
27.06.2024;397;10;4700000
01.07.2024;611;20;4680000
14.06.2024;397;21;4670000
29.05.2024;397;11;4650000
04.07.2024;9;18;4650000
17.07.2024;397;9;4650000
11.07.2024;397;11;4600000
25.06.2024;397;20;4590000
14.06.2024;397;7;4560000
27.05.2024;9;14;4550000
13.06.2024;9;15;4550000
06.06.2024;397;10;4540000
19.07.2024;397;17;4540000
28.05.2024;397;9;4500000
07.06.2024;397;18;4500000
29.06.2024;397;18;4500000
21.07.2024;397;13;4500000
18.06.2024;397;17;4490000
01.07.2024;397;17;4450000
04.07.2024;397;22;4450000
12.06.2024;9;19;4400000
09.07.2024;1117;19;4400000
15.06.2024;397;9;4390000
24.06.2024;397;8;4380000
26.06.2024;611;10;4350000
07.06.2024;397;6;4310000
13.06.2024;397;10;4300000
21.06.2024;397;9;4300000
22.06.2024;397;0;4300000
15.07.2024;9;21;4300000
18.07.2024;397;20;4300000
04.07.2024;397;23;4280000
12.06.2024;397;8;4270000
13.07.2024;397;14;4270000
27.06.2024;611;9;4250000
08.07.2024;397;16;4250000
12.07.2024;9;15;4250000
10.07.2024;1117;10;4230000
05.06.2024;611;10;4200000
07.06.2024;397;11;4200000
21.07.2024;397;12;4200000
13.06.2024;397;6;4160000
07.06.2024;397;7;4150000
10.06.2024;9;8;4150000
26.05.2024;397;19;4100000
04.07.2024;1595;0;4100000
22.06.2024;397;11;4070000
13.06.2024;397;19;4040000
03.06.2024;611;14;4020000
30.06.2024;397;21;4020000
03.06.2024;9;18;4000000
03.06.2024;9;21;4000000
14.06.2024;1117;17;4000000
24.06.2024;397;22;4000000
28.06.2024;9;8;3950000
01.07.2024;397;14;3950000
05.07.2024;611;9;3950000
29.06.2024;397;8;3920000
09.06.2024;397;10;3900000
20.06.2024;397;8;3900000
06.06.2024;397;22;3890000
11.06.2024;397;16;3860000
07.07.2024;397;11;3860000
10.07.2024;611;11;3860000
14.06.2024;611;15;3850000
18.07.2024;1595;13;3830000
28.05.2024;9;8;3800000
28.05.2024;397;22;3800000
04.06.2024;9;21;3800000
07.06.2024;611;17;3800000
15.06.2024;397;21;3800000
01.07.2024;9;10;3800000
05.07.2024;397;21;3800000
25.05.2024;397;17;3700000
09.06.2024;397;17;3700000
13.06.2024;397;11;3700000
19.07.2024;397;15;3700000
10.07.2024;397;14;3660000
05.06.2024;611;9;3650000
04.07.2024;397;7;3650000
21.07.2024;397;8;3640000
04.06.2024;611;17;3610000
03.06.2024;9;16;3600000
12.07.2024;397;5;3600000
12.07.2024;397;20;3600000
08.07.2024;9;15;3550000
10.07.2024;9;10;3550000
16.07.2024;397;16;3550000
13.06.2024;9;17;3540000
01.06.2024;397;12;3530000
30.05.2024;397;22;3500000
19.06.2024;397;8;3500000
20.06.2024;397;17;3500000
23.06.2024;397;8;3500000
28.06.2024;397;22;3500000
04.07.2024;9;15;3500000
05.07.2024;397;1;3500000
10.07.2024;9;13;3490000
06.06.2024;9;18;3480000
29.06.2024;397;17;3480000
27.06.2024;397;16;3460000
14.06.2024;397;15;3450000
04.07.2024;1595;5;3450000
03.06.2024;611;16;3420000
25.05.2024;397;16;3400000
04.06.2024;9;12;3400000
11.06.2024;9;16;3400000
13.06.2024;397;7;3400000
20.06.2024;9;12;3400000
04.07.2024;9;9;3400000
01.06.2024;397;11;3370000
18.06.2024;397;20;3350000
20.06.2024;397;18;3350000
22.06.2024;397;22;3350000
27.06.2024;9;15;3350000
08.07.2024;9;20;3350000
09.07.2024;9;17;3350000
17.07.2024;397;15;3350000
26.05.2024;9;9;3330000
06.07.2024;397;0;3330000
08.06.2024;611;10;3310000
28.05.2024;611;17;3300000
08.06.2024;397;11;3300000
26.06.2024;9;19;3300000
04.07.2024;1595;8;3300000
29.06.2024;397;14;3280000
28.06.2024;397;21;3270000
26.05.2024;397;18;3250000
08.06.2024;611;13;3250000
06.06.2024;397;19;3240000
17.06.2024;397;12;3240000
25.05.2024;397;12;3200000
04.07.2024;397;6;3200000
09.07.2024;9;9;3150000
09.07.2024;9;15;3150000
21.07.2024;397;20;3150000
10.07.2024;397;8;3130000
27.05.2024;9;11;3100000
04.06.2024;611;15;3100000
26.06.2024;9;12;3100000
10.06.2024;397;10;3090000
24.06.2024;1117;7;3090000
10.07.2024;397;10;3050000
20.07.2024;397;20;3050000
11.07.2024;397;12;3040000
13.06.2024;397;16;3030000
19.06.2024;397;13;3010000
24.06.2024;397;12;3010000
28.05.2024;9;15;3000000
03.06.2024;9;22;3000000
05.06.2024;1117;18;3000000
09.06.2024;9;17;3000000
09.06.2024;397;7;3000000
14.06.2024;397;8;3000000
15.06.2024;397;22;3000000
19.06.2024;9;19;3000000
26.06.2024;9;14;3000000
30.06.2024;9;23;3000000
04.07.2024;9;21;3000000
09.07.2024;9;16;3000000
10.07.2024;9;21;3000000
14.07.2024;9;11;3000000
18.07.2024;397;17;3000000
19.07.2024;397;5;3000000
20.07.2024;397;15;3000000
04.06.2024;611;8;2970000
05.06.2024;397;22;2970000
09.07.2024;1117;14;2970000
05.07.2024;397;22;2960000
20.06.2024;397;20;2950000
24.06.2024;397;21;2950000
08.07.2024;9;16;2950000
20.07.2024;397;11;2950000
10.07.2024;397;21;2930000
13.07.2024;397;17;2910000
31.05.2024;397;21;2900000
06.06.2024;611;17;2900000
18.06.2024;397;9;2900000
22.06.2024;611;16;2900000
10.07.2024;9;12;2900000
14.07.2024;397;15;2870000
05.06.2024;9;16;2850000
18.06.2024;397;16;2850000
28.06.2024;397;11;2850000
01.06.2024;397;13;2840000
11.07.2024;397;17;2810000
18.07.2024;397;18;2810000
05.06.2024;397;23;2800000
06.06.2024;9;12;2800000
27.06.2024;9;12;2800000
06.07.2024;397;20;2800000
08.07.2024;397;12;2800000
14.07.2024;397;6;2800000
16.07.2024;397;5;2800000
09.07.2024;397;19;2790000
17.06.2024;397;13;2780000
24.06.2024;397;13;2780000
18.06.2024;397;18;2770000
09.07.2024;9;20;2750100
29.05.2024;397;17;2750000
05.06.2024;611;14;2750000
13.06.2024;397;18;2750000
20.06.2024;397;9;2750000
24.06.2024;397;17;2750000
15.07.2024;9;17;2750000
28.05.2024;9;14;2740000
09.07.2024;397;20;2730000
09.06.2024;397;15;2700000
05.07.2024;1117;1;2700000
19.07.2024;397;21;2700000
30.05.2024;611;17;2690000
12.07.2024;397;16;2650000
13.06.2024;9;16;2640000
09.07.2024;397;13;2630000
06.06.2024;397;20;2620000
04.06.2024;9;19;2600000
10.06.2024;397;9;2600000
19.06.2024;9;12;2600000
04.07.2024;611;1;2600000
14.07.2024;397;16;2600000
25.06.2024;397;18;2590000
08.06.2024;397;21;2550000
20.06.2024;397;7;2550000
22.06.2024;397;9;2550000
30.06.2024;397;6;2550000
28.05.2024;397;17;2520000
28.05.2024;9;12;2510000
29.05.2024;397;15;2500000
07.06.2024;397;15;2500000
28.06.2024;397;17;2500000
11.07.2024;1117;5;2500000
14.07.2024;397;7;2500000
07.06.2024;397;14;2480000
31.05.2024;397;12;2470000
21.06.2024;397;16;2470000
07.06.2024;397;20;2450000
10.06.2024;397;11;2450000
10.06.2024;397;12;2450000
27.06.2024;9;10;2450000
08.07.2024;9;17;2450000
06.06.2024;611;15;2440000
18.06.2024;397;12;2440000
28.05.2024;9;9;2400000
28.06.2024;9;17;2400000
01.07.2024;9;12;2400000
15.07.2024;9;19;2400000
20.07.2024;397;23;2380000
14.06.2024;611;12;2360000
28.06.2024;9;14;2350000
17.07.2024;397;5;2350000
18.07.2024;1595;14;2350000
21.07.2024;397;9;2350000
30.05.2024;397;13;2310000
25.05.2024;397;8;2300000
01.06.2024;397;15;2300000
06.06.2024;397;5;2300000
08.06.2024;611;17;2300000
27.06.2024;9;16;2300000
08.07.2024;9;18;2300000
13.07.2024;397;20;2300000
14.07.2024;397;19;2300000
21.07.2024;397;6;2300000
18.06.2024;397;11;2290000
30.06.2024;397;18;2290000
24.06.2024;397;18;2280000
20.07.2024;397;8;2250000
18.07.2024;1595;12;2230000
07.06.2024;397;13;2220000
09.06.2024;9;2;2220000
11.07.2024;397;10;2220000
10.07.2024;9;15;2210000
25.05.2024;9;13;2200000
27.05.2024;9;10;2200000
08.06.2024;397;17;2200000
22.06.2024;397;13;2200000
04.07.2024;1117;14;2200000
18.07.2024;397;14;2200000
26.06.2024;397;18;2190000
26.05.2024;397;13;2180000
14.06.2024;611;19;2170000
01.07.2024;9;20;2170000
04.06.2024;611;19;2150000
10.06.2024;9;13;2150000
11.06.2024;397;20;2150000
19.06.2024;397;7;2150000
10.07.2024;611;9;2150000
16.07.2024;397;13;2150000
26.05.2024;9;10;2140000
04.07.2024;611;2;2120000
30.05.2024;611;13;2110000
27.06.2024;397;9;2110000
27.05.2024;9;12;2100000
31.05.2024;397;8;2100000
14.06.2024;9;11;2100000
30.06.2024;397;17;2100000
10.06.2024;397;19;2080000
17.07.2024;397;10;2080000
20.07.2024;9;21;2080000
06.06.2024;9;11;2070000
31.05.2024;397;10;2050000
20.06.2024;397;15;2050000
29.06.2024;397;19;2050000
30.06.2024;397;13;2050000
20.07.2024;397;9;2050000
30.05.2024;9;13;2041600
03.06.2024;9;17;2040000
23.06.2024;397;11;2040000
27.05.2024;9;16;2010000
02.06.2024;9;20;2000000
05.06.2024;9;10;2000000
05.06.2024;9;22;2000000
08.06.2024;397;22;2000000
11.06.2024;9;13;2000000
20.06.2024;397;23;2000000
30.06.2024;9;12;2000000
01.07.2024;9;18;2000000
01.07.2024;611;22;2000000
05.07.2024;9;13;2000000
07.07.2024;397;5;2000000
11.07.2024;9;18;2000000
11.07.2024;397;7;2000000
11.07.2024;611;7;2000000
15.07.2024;9;22;2000000
16.07.2024;9;6;2000000
16.07.2024;397;3;2000000
19.07.2024;9;9;2000000
19.07.2024;9;15;2000000
14.06.2024;9;21;1980500
15.06.2024;397;14;1980000
08.06.2024;9;11;1960000
23.06.2024;397;9;1950000
13.07.2024;397;15;1940000
04.06.2024;611;10;1920000
10.07.2024;397;22;1920000
30.05.2024;397;1;1900000
12.06.2024;397;22;1900000
19.06.2024;397;12;1900000
26.06.2024;397;10;1900000
07.07.2024;397;16;1880000
18.07.2024;1595;16;1870000
31.05.2024;397;9;1860000
17.06.2024;397;11;1860000
25.06.2024;397;8;1850000
18.07.2024;397;9;1850000
30.05.2024;397;12;1840000
30.05.2024;397;16;1840000
06.07.2024;9;13;1840000
12.06.2024;397;17;1830000
05.07.2024;397;18;1830000
16.07.2024;611;22;1830000
09.06.2024;397;18;1800000
26.06.2024;611;12;1800000
27.06.2024;397;18;1800000
04.07.2024;9;8;1800000
21.07.2024;397;21;1800000
13.07.2024;397;19;1790000
25.05.2024;397;18;1780000
10.06.2024;397;8;1750000
18.06.2024;397;8;1750000
18.06.2024;397;21;1750000
10.07.2024;397;7;1750000
12.07.2024;397;14;1750000
13.07.2024;397;9;1750000
27.05.2024;9;9;1740000
10.06.2024;9;9;1730000
14.06.2024;9;23;1730000
01.07.2024;9;19;1700100
29.05.2024;397;16;1700000
05.06.2024;9;14;1700000
09.06.2024;397;8;1700000
12.06.2024;9;14;1700000
20.06.2024;397;11;1700000
24.06.2024;397;14;1700000
28.06.2024;397;18;1700000
05.07.2024;397;7;1700000
10.07.2024;9;16;1700000
11.07.2024;611;14;1700000
16.07.2024;397;20;1700000
20.07.2024;397;21;1700000
29.05.2024;397;13;1680000
24.06.2024;1117;23;1680000
08.06.2024;397;20;1670000
26.06.2024;397;17;1670000
18.07.2024;397;10;1670000
14.06.2024;611;10;1660000
08.06.2024;397;10;1650000
25.06.2024;397;19;1650000
11.07.2024;1117;8;1650000
16.07.2024;397;22;1650000
30.05.2024;397;11;1640000
15.07.2024;397;22;1640000
06.06.2024;9;9;1610000
27.05.2024;397;20;1600000
05.06.2024;611;17;1600000
06.06.2024;397;7;1600000
12.06.2024;9;13;1600000
14.06.2024;397;22;1600000
21.06.2024;1117;12;1600000
01.07.2024;9;9;1600000
04.07.2024;1595;17;1600000
06.07.2024;611;11;1600000
15.07.2024;611;18;1600000
20.07.2024;397;7;1600000
16.07.2024;611;20;1580000
21.07.2024;1595;9;1570000
04.06.2024;611;9;1560000
22.06.2024;397;8;1550000
28.06.2024;397;10;1550000
29.06.2024;397;9;1550000
20.07.2024;9;17;1550000
05.07.2024;9;10;1540000
23.06.2024;397;15;1530000
29.06.2024;397;11;1530000
18.07.2024;1595;19;1530000
26.05.2024;397;8;1520000
12.07.2024;397;17;1510000
25.05.2024;9;12;1500000
27.05.2024;397;13;1500000
27.05.2024;397;22;1500000
30.05.2024;611;18;1500000
06.06.2024;9;14;1500000
07.06.2024;397;22;1500000
15.06.2024;397;18;1500000
23.06.2024;397;6;1500000
25.06.2024;611;13;1500000
28.06.2024;9;13;1500000
04.07.2024;611;15;1500000
10.07.2024;9;20;1500000
11.07.2024;9;19;1500000
16.07.2024;9;12;1500000
17.07.2024;397;8;1500000
04.06.2024;9;14;1480000
08.06.2024;611;9;1480000
12.06.2024;611;15;1480000
01.07.2024;397;21;1480000
28.05.2024;397;19;1470000
05.06.2024;397;19;1460000
03.06.2024;611;9;1450000
18.06.2024;9;17;1450000
04.06.2024;611;14;1440000
20.06.2024;397;12;1440000
09.07.2024;397;14;1440000
19.07.2024;397;23;1440000
14.06.2024;9;9;1430000
15.06.2024;397;16;1420000
30.05.2024;397;8;1400000
30.05.2024;397;18;1400000
01.06.2024;611;10;1400000
03.06.2024;9;2;1400000
04.06.2024;611;11;1400000
06.06.2024;611;19;1400000
10.06.2024;9;12;1400000
12.06.2024;9;18;1400000
26.06.2024;397;7;1400000
28.06.2024;9;20;1400000
07.07.2024;397;6;1400000
16.07.2024;611;13;1400000
20.07.2024;397;19;1400000
27.05.2024;611;19;1380000
06.06.2024;611;10;1370000
15.06.2024;397;20;1360000
25.05.2024;397;14;1350000
01.06.2024;397;0;1350000
24.06.2024;611;18;1350000
26.06.2024;397;13;1350000
14.07.2024;397;11;1350000
15.07.2024;397;20;1350000
17.07.2024;611;20;1350000
18.07.2024;9;16;1350000
09.06.2024;611;14;1340000
20.06.2024;397;22;1320000
21.06.2024;397;5;1320000
28.05.2024;397;21;1300000
07.06.2024;611;8;1300000
11.06.2024;9;12;1300000
19.06.2024;397;18;1300000
19.06.2024;397;19;1300000
24.06.2024;397;9;1300000
25.06.2024;397;15;1300000
26.06.2024;9;17;1300000
11.07.2024;9;17;1300000
13.07.2024;1117;0;1300000
16.07.2024;9;13;1300000
16.07.2024;1117;14;1300000
17.07.2024;611;18;1300000
11.07.2024;397;14;1290000
12.07.2024;397;18;1290000
19.07.2024;397;20;1290000
28.05.2024;397;11;1260000
08.07.2024;397;20;1260000
28.05.2024;9;13;1250000
08.06.2024;397;7;1250000
11.06.2024;9;9;1250000
20.06.2024;1117;10;1250000
15.06.2024;397;12;1240000
25.06.2024;1117;10;1240000
08.07.2024;1117;13;1230000
14.06.2024;9;12;1220000
03.06.2024;611;15;1210000
25.05.2024;397;13;1200000
30.05.2024;397;10;1200000
01.06.2024;397;17;1200000
06.06.2024;9;17;1200000
08.06.2024;611;11;1200000
09.06.2024;397;6;1200000
10.06.2024;9;14;1200000
10.06.2024;611;10;1200000
14.06.2024;9;18;1200000
14.06.2024;611;13;1200000
17.06.2024;9;17;1200000
17.06.2024;397;19;1200000
18.06.2024;9;9;1200000
20.06.2024;9;10;1200000
24.06.2024;1117;17;1200000
25.06.2024;397;22;1200000
27.06.2024;397;23;1200000
28.06.2024;397;8;1200000
04.07.2024;1595;3;1200000
05.07.2024;611;17;1200000
10.07.2024;397;15;1200000
12.07.2024;9;21;1200000
28.05.2024;397;16;1180000
07.07.2024;397;14;1180000
17.06.2024;397;20;1170000
08.07.2024;397;17;1170000
22.06.2024;397;6;1150000
09.07.2024;1117;11;1130000
08.07.2024;1595;16;1110000
14.07.2024;1117;15;1110000
18.07.2024;1595;15;1110000
25.05.2024;9;14;1100000
27.05.2024;397;16;1100000
05.06.2024;611;11;1100000
22.06.2024;397;12;1100000
01.07.2024;397;19;1100000
19.07.2024;397;22;1100000
09.07.2024;1117;10;1090000
19.07.2024;397;6;1090000
28.06.2024;397;14;1080000
05.07.2024;1117;10;1080000
16.07.2024;611;1;1070000
13.06.2024;397;8;1060000
27.05.2024;397;9;1050000
07.06.2024;611;11;1050000
21.06.2024;397;14;1050000
26.06.2024;397;11;1050000
09.07.2024;397;16;1050000
16.07.2024;397;15;1040000
14.06.2024;397;16;1030000
17.07.2024;397;20;1030000
12.06.2024;397;9;1020000
27.05.2024;611;11;1010000
26.06.2024;397;16;1010000
13.06.2024;9;22;1000200
25.05.2024;9;19;1000000
25.05.2024;9;23;1000000
25.05.2024;397;7;1000000
25.05.2024;397;11;1000000
27.05.2024;9;19;1000000
28.05.2024;9;19;1000000
31.05.2024;397;17;1000000
02.06.2024;9;16;1000000
03.06.2024;611;18;1000000
08.06.2024;9;13;1000000
09.06.2024;9;12;1000000
09.06.2024;397;4;1000000
10.06.2024;9;16;1000000
10.06.2024;611;17;1000000
11.06.2024;9;11;1000000
11.06.2024;9;14;1000000
12.06.2024;9;16;1000000
14.06.2024;9;16;1000000
17.06.2024;397;16;1000000
17.06.2024;397;17;1000000
18.06.2024;9;11;1000000
19.06.2024;9;7;1000000
19.06.2024;9;18;1000000
22.06.2024;611;8;1000000
23.06.2024;397;4;1000000
24.06.2024;397;7;1000000
26.06.2024;9;15;1000000
27.06.2024;9;9;1000000
27.06.2024;9;11;1000000
27.06.2024;397;22;1000000
27.06.2024;611;10;1000000
27.06.2024;611;12;1000000
28.06.2024;9;9;1000000
29.06.2024;9;14;1000000
30.06.2024;397;7;1000000
04.07.2024;611;11;1000000
05.07.2024;9;0;1000000
06.07.2024;9;8;1000000
06.07.2024;611;10;1000000
09.07.2024;397;8;1000000
09.07.2024;611;17;1000000
10.07.2024;397;6;1000000
10.07.2024;611;12;1000000
12.07.2024;9;16;1000000
13.07.2024;611;13;1000000
14.07.2024;9;10;1000000
16.07.2024;9;7;1000000
16.07.2024;397;7;1000000
17.07.2024;397;3;1000000
17.07.2024;397;6;1000000
17.07.2024;611;13;1000000
19.07.2024;397;14;1000000
20.07.2024;397;16;1000000
18.06.2024;611;13;990000
06.07.2024;9;22;990000
21.06.2024;397;22;980000
18.07.2024;9;13;980000
06.07.2024;397;21;970000
25.05.2024;611;7;950000
09.07.2024;9;10;950000
13.07.2024;397;12;950000
24.06.2024;397;6;940000
29.06.2024;397;10;930000
09.07.2024;397;11;930000
08.06.2024;611;12;920000
13.06.2024;397;21;920000
04.07.2024;1595;9;910000
27.05.2024;397;12;900000
29.05.2024;397;14;900000
31.05.2024;611;14;900000
03.06.2024;611;11;900000
04.06.2024;611;16;900000
06.06.2024;611;8;900000
06.06.2024;611;18;900000
09.06.2024;9;10;900000
19.06.2024;397;16;900000
24.06.2024;611;13;900000
29.06.2024;397;12;900000
05.07.2024;611;15;900000
05.07.2024;611;20;900000
08.07.2024;611;10;900000
11.07.2024;1117;9;900000
18.07.2024;9;20;900000
21.07.2024;397;11;900000
26.06.2024;9;16;890000
04.07.2024;1117;23;890000
22.06.2024;1117;21;880000
22.06.2024;397;14;870000
27.05.2024;397;17;850000
13.06.2024;397;14;850000
13.06.2024;1117;17;850000
14.06.2024;9;22;850000
24.06.2024;1117;6;850000
26.06.2024;397;15;850000
28.06.2024;397;13;850000
06.07.2024;397;7;850000
15.07.2024;611;23;850000
18.07.2024;397;19;850000
18.07.2024;611;11;850000
25.05.2024;611;12;840000
18.06.2024;397;22;840000
04.07.2024;1117;22;830000
09.06.2024;397;11;820000
25.05.2024;611;11;800000
26.05.2024;9;23;800000
26.05.2024;397;22;800000
29.05.2024;397;21;800000
29.05.2024;611;16;800000
30.05.2024;397;19;800000
06.06.2024;9;13;800000
07.06.2024;9;21;800000
08.06.2024;611;14;800000
28.06.2024;9;12;800000
29.06.2024;9;17;800000
30.06.2024;397;9;800000
01.07.2024;397;20;800000
04.07.2024;9;2;800000
06.07.2024;9;21;800000
09.07.2024;1117;9;800000
09.07.2024;1117;18;800000
11.07.2024;9;12;800000
13.07.2024;9;8;800000
15.07.2024;397;18;800000
16.07.2024;9;5;800000
13.06.2024;1117;16;790000
30.06.2024;397;8;790000
30.06.2024;397;10;790000
28.05.2024;9;10;780000
25.05.2024;397;15;760000
21.06.2024;397;12;760000
12.07.2024;397;8;760000
08.06.2024;611;19;750000
09.06.2024;397;0;750000
14.06.2024;611;17;750000
27.06.2024;397;12;750000
09.07.2024;611;9;750000
14.07.2024;397;20;750000
09.06.2024;397;13;730000
23.06.2024;397;22;730000
23.06.2024;1117;16;730000
23.06.2024;1117;19;730000
19.07.2024;1595;8;730000
27.05.2024;9;13;720000
12.06.2024;397;21;720000
07.06.2024;397;21;710000
26.05.2024;397;16;700000
27.05.2024;9;18;700000
29.05.2024;397;18;700000
14.06.2024;9;8;700000
19.06.2024;397;14;700000
20.06.2024;9;14;700000
24.06.2024;1117;10;700000
25.06.2024;397;10;700000
26.06.2024;9;18;700000
04.07.2024;611;19;700000
06.07.2024;397;19;700000
09.07.2024;397;7;700000
10.07.2024;397;5;700000
11.07.2024;9;9;700000
14.07.2024;397;12;700000
18.07.2024;397;8;700000
18.07.2024;397;21;700000
18.07.2024;397;22;700000
28.05.2024;611;12;690000
26.06.2024;611;16;690000
08.07.2024;397;21;690000
12.07.2024;9;10;690000
14.07.2024;397;23;690000
19.07.2024;611;9;690000
25.05.2024;611;10;680000
14.06.2024;9;13;680000
14.06.2024;611;16;670000
20.06.2024;611;17;670000
19.07.2024;397;8;670000
26.05.2024;397;17;650000
27.05.2024;9;23;650000
28.05.2024;9;11;650000
06.06.2024;611;12;650000
09.06.2024;397;14;650000
15.06.2024;397;13;650000
19.06.2024;397;23;650000
20.06.2024;397;21;650000
24.06.2024;397;19;650000
01.07.2024;9;13;650000
11.07.2024;9;22;650000
16.07.2024;397;21;650000
19.07.2024;611;16;650000
28.06.2024;397;19;640000
29.06.2024;397;20;640000
14.06.2024;9;15;630300
18.06.2024;397;13;630000
12.07.2024;1117;16;630000
13.07.2024;397;11;630000
16.07.2024;611;18;630000
12.06.2024;397;10;610000
18.06.2024;611;12;610000
08.07.2024;611;14;610000
27.05.2024;9;7;600000
27.05.2024;611;13;600000
30.05.2024;9;18;600000
05.06.2024;9;15;600000
05.06.2024;611;13;600000
05.06.2024;611;16;600000
07.06.2024;9;6;600000
07.06.2024;611;9;600000
08.06.2024;9;12;600000
08.06.2024;9;18;600000
10.06.2024;9;4;600000
11.06.2024;9;10;600000
11.06.2024;9;15;600000
13.06.2024;397;13;600000
13.06.2024;397;15;600000
13.06.2024;611;11;600000
21.06.2024;611;14;600000
22.06.2024;397;17;600000
28.06.2024;397;15;600000
05.07.2024;9;8;600000
05.07.2024;397;2;600000
06.07.2024;397;1;600000
12.07.2024;397;13;600000
13.07.2024;1117;22;600000
16.07.2024;397;1;600000
18.07.2024;397;0;600000
18.07.2024;1595;20;600000
19.07.2024;9;17;600000
25.06.2024;397;11;590000
19.07.2024;611;10;590000
21.06.2024;397;20;570000
25.06.2024;1117;9;570000
16.07.2024;611;17;570000
19.07.2024;611;11;570000
25.05.2024;397;10;560000
08.06.2024;9;17;550000
09.06.2024;397;16;550000
12.06.2024;397;18;550000
22.06.2024;611;17;550000
13.07.2024;611;14;550000
15.07.2024;611;21;550000
19.07.2024;1595;9;550000
10.06.2024;611;18;540000
11.06.2024;611;11;530000
11.07.2024;397;6;530000
24.06.2024;9;12;520200
28.05.2024;611;10;520000
22.06.2024;611;9;520000
09.07.2024;9;14;520000
09.07.2024;1117;20;520000
13.07.2024;1117;14;520000
18.07.2024;611;17;520000
25.05.2024;397;21;500000
25.05.2024;397;22;500000
27.05.2024;397;21;500000
28.05.2024;611;20;500000
02.06.2024;9;18;500000
04.06.2024;611;13;500000
07.06.2024;397;5;500000
07.06.2024;611;12;500000
08.06.2024;9;9;500000
10.06.2024;397;18;500000
11.06.2024;611;18;500000
12.06.2024;611;9;500000
12.06.2024;611;12;500000
14.06.2024;9;19;500000
17.06.2024;397;14;500000
19.06.2024;9;9;500000
19.06.2024;1117;18;500000
20.06.2024;9;8;500000
20.06.2024;9;13;500000
22.06.2024;397;23;500000
23.06.2024;397;16;500000
25.06.2024;9;15;500000
28.06.2024;611;11;500000
05.07.2024;9;16;500000
06.07.2024;397;23;500000
06.07.2024;611;9;500000
10.07.2024;1117;9;500000
10.07.2024;1117;12;500000
12.07.2024;9;20;500000
12.07.2024;611;11;500000
13.07.2024;397;7;500000
13.07.2024;397;21;500000
13.07.2024;611;11;500000
14.07.2024;397;5;500000
14.07.2024;397;14;500000
16.07.2024;9;1;500000
18.07.2024;611;8;500000
19.07.2024;611;17;500000
20.07.2024;397;1;500000
21.07.2024;397;10;500000
01.06.2024;397;9;490000
12.06.2024;397;7;490000
30.05.2024;611;19;480000
22.06.2024;397;2;480000
24.06.2024;9;17;480000
24.06.2024;1117;20;480000
17.07.2024;397;12;480000
18.06.2024;611;18;470000
21.07.2024;397;18;470000
30.05.2024;9;16;450000
11.06.2024;397;21;450000
15.06.2024;9;10;450000
19.06.2024;1117;11;450000
20.06.2024;9;16;450000
23.06.2024;397;7;450000
27.06.2024;9;13;450000
29.06.2024;611;17;450000
11.07.2024;397;23;450000
11.07.2024;1117;19;450000
14.07.2024;1117;18;450000
17.07.2024;397;19;450000
19.07.2024;611;15;450000
21.07.2024;397;19;450000
26.05.2024;9;22;440000
19.06.2024;1117;20;440000
30.06.2024;397;19;440000
13.07.2024;397;18;440000
27.05.2024;611;12;430000
17.06.2024;397;21;430000
06.06.2024;611;16;420000
27.05.2024;397;7;400000
29.05.2024;397;20;400000
08.06.2024;9;14;400000
13.06.2024;9;13;400000
13.06.2024;611;15;400000
17.06.2024;1117;10;400000
18.06.2024;397;15;400000
21.06.2024;397;8;400000
21.06.2024;397;15;400000
21.06.2024;1117;11;400000
22.06.2024;397;18;400000
22.06.2024;1117;19;400000
23.06.2024;1117;18;400000
25.06.2024;1117;16;400000
29.06.2024;9;10;400000
30.06.2024;9;10;400000
30.06.2024;9;18;400000
01.07.2024;9;0;400000
01.07.2024;611;15;400000
05.07.2024;611;18;400000
08.07.2024;9;13;400000
08.07.2024;397;7;400000
09.07.2024;611;14;400000
10.07.2024;611;8;400000
11.07.2024;9;0;400000
11.07.2024;1117;11;400000
14.07.2024;397;21;400000
15.07.2024;397;21;400000
15.07.2024;611;22;400000
16.07.2024;9;11;400000
17.07.2024;397;2;400000
17.07.2024;611;12;400000
20.07.2024;397;22;400000
21.07.2024;397;5;400000
10.07.2024;9;9;390000
13.07.2024;397;8;390000
21.06.2024;611;11;370000
10.07.2024;1117;18;370000
31.05.2024;611;9;360000
10.06.2024;611;12;360000
24.06.2024;1117;12;360000
25.05.2024;9;20;350000
28.05.2024;611;8;350000
06.06.2024;611;9;350000
11.06.2024;611;17;350000
14.06.2024;397;5;350000
21.06.2024;397;13;350000
27.06.2024;397;13;350000
27.06.2024;397;14;350000
29.06.2024;397;16;350000
01.07.2024;9;8;350000
06.07.2024;397;6;350000
11.07.2024;611;13;350000
19.07.2024;397;10;350000
12.06.2024;397;23;340000
12.07.2024;611;10;340000
06.07.2024;397;22;330000
19.07.2024;397;13;330000
30.05.2024;611;15;320000
19.06.2024;397;21;320000
26.05.2024;397;6;300000
03.06.2024;611;10;300000
07.06.2024;397;0;300000
07.06.2024;611;10;300000
08.06.2024;611;8;300000
12.06.2024;611;17;300000
17.06.2024;9;14;300000
17.06.2024;9;16;300000
18.06.2024;9;19;300000
18.06.2024;611;16;300000
19.06.2024;397;6;300000
19.06.2024;611;10;300000
19.06.2024;1117;17;300000
20.06.2024;9;9;300000
20.06.2024;611;13;300000
21.06.2024;397;18;300000
22.06.2024;611;11;300000
24.06.2024;1117;19;300000
25.06.2024;397;6;300000
27.06.2024;397;7;300000
29.06.2024;9;16;300000
29.06.2024;611;8;300000
30.06.2024;9;19;300000
04.07.2024;397;4;300000
06.07.2024;9;0;300000
09.07.2024;397;17;300000
09.07.2024;397;18;300000
12.07.2024;9;19;300000
13.07.2024;9;10;300000
13.07.2024;9;19;300000
13.07.2024;397;10;300000
16.07.2024;9;2;300000
18.07.2024;611;9;300000
19.07.2024;9;12;300000
19.07.2024;9;13;300000
21.07.2024;397;7;300000
09.07.2024;397;22;290000
10.06.2024;611;9;280000
01.07.2024;9;15;280000
20.07.2024;397;12;280000
18.06.2024;1117;15;270000
24.06.2024;397;10;270000
24.06.2024;1117;18;270000
04.07.2024;1117;13;270000
12.07.2024;397;21;270000
19.07.2024;397;7;270000
29.06.2024;9;12;260100
06.07.2024;9;10;260100
18.06.2024;397;5;260000
21.06.2024;611;12;260000
22.06.2024;1117;16;260000
27.06.2024;397;21;260000
01.07.2024;1117;13;260000
13.07.2024;1117;12;260000
25.05.2024;397;19;250000
25.05.2024;397;20;250000
26.05.2024;397;7;250000
27.05.2024;9;20;250000
28.05.2024;397;8;250000
09.06.2024;9;11;250000
09.06.2024;397;1;250000
10.06.2024;611;13;250000
15.06.2024;397;19;250000
20.06.2024;397;3;250000
20.06.2024;1117;20;250000
26.06.2024;397;23;250000
28.06.2024;611;12;250000
30.06.2024;397;15;250000
05.07.2024;611;12;250000
11.07.2024;9;16;250000
12.07.2024;611;13;250000
13.07.2024;9;17;250000
18.07.2024;397;16;250000
18.07.2024;1595;18;250000
31.05.2024;397;14;240000
12.06.2024;611;13;240000
19.06.2024;397;17;240000
18.07.2024;9;15;240000
29.05.2024;611;10;230000
22.06.2024;611;13;230000
25.05.2024;9;22;220000
22.06.2024;1117;22;220000
27.05.2024;397;6;210000
01.07.2024;611;14;210000
21.07.2024;397;14;210000
04.07.2024;9;19;200100
25.05.2024;611;9;200000
27.05.2024;611;15;200000
29.05.2024;397;23;200000
30.05.2024;9;21;200000
31.05.2024;397;15;200000
31.05.2024;397;22;200000
31.05.2024;611;10;200000
31.05.2024;611;12;200000
31.05.2024;611;13;200000
01.06.2024;397;14;200000
10.06.2024;397;7;200000
12.06.2024;397;11;200000
13.06.2024;9;9;200000
14.06.2024;1117;15;200000
18.06.2024;9;10;200000
18.06.2024;611;15;200000
19.06.2024;9;14;200000
20.06.2024;611;18;200000
22.06.2024;397;1;200000
22.06.2024;611;10;200000
24.06.2024;397;0;200000
24.06.2024;397;1;200000
24.06.2024;611;12;200000
25.06.2024;397;23;200000
25.06.2024;611;16;200000
26.06.2024;611;15;200000
26.06.2024;611;20;200000
28.06.2024;9;18;200000
30.06.2024;397;22;200000
04.07.2024;611;13;200000
07.07.2024;9;13;200000
08.07.2024;611;11;200000
08.07.2024;611;12;200000
09.07.2024;611;16;200000
09.07.2024;611;19;200000
10.07.2024;611;15;200000
11.07.2024;9;2;200000
11.07.2024;1117;17;200000
13.07.2024;9;0;200000
13.07.2024;9;11;200000
15.07.2024;9;13;200000
16.07.2024;611;3;200000
16.07.2024;611;4;200000
18.07.2024;9;19;200000
18.07.2024;611;16;200000
21.07.2024;397;17;200000
21.07.2024;397;23;200000
19.06.2024;397;20;190000
19.06.2024;611;11;190000
24.06.2024;1117;14;190000
25.06.2024;1117;11;190000
29.06.2024;397;21;190000
11.07.2024;9;8;190000
13.07.2024;9;13;190000
16.07.2024;397;18;190000
25.06.2024;9;10;180000
29.06.2024;397;7;170000
22.06.2024;1117;17;160000
25.05.2024;9;21;150000
28.05.2024;397;7;150000
01.06.2024;397;16;150000
02.06.2024;9;1;150000
03.06.2024;9;19;150000
12.06.2024;9;15;150000
13.06.2024;9;14;150000
15.06.2024;9;9;150000
22.06.2024;397;16;150000
22.06.2024;397;20;150000
25.06.2024;397;12;150000
29.06.2024;1117;10;150000
05.07.2024;9;15;150000
11.07.2024;397;21;150000
12.07.2024;1117;18;150000
13.07.2024;397;13;150000
15.07.2024;1117;23;150000
16.07.2024;611;14;150000
18.07.2024;1595;21;150000
19.07.2024;9;7;150000
19.07.2024;397;9;150000
19.07.2024;611;8;150000
29.05.2024;611;15;140000
10.06.2024;9;2;140000
11.06.2024;611;10;140000
14.06.2024;611;11;140000
22.06.2024;397;19;140000
07.07.2024;1595;14;140000
08.07.2024;1117;19;140000
10.07.2024;397;23;140000
20.07.2024;611;16;140000
12.06.2024;397;5;130000
18.06.2024;611;14;130000
20.06.2024;611;10;130000
24.06.2024;1117;11;130000
24.06.2024;1117;22;130000
06.07.2024;1595;11;130000
07.07.2024;1595;13;130000
13.07.2024;9;16;130000
26.05.2024;9;12;120000
23.06.2024;397;17;120000
29.06.2024;397;5;120000
06.07.2024;1117;7;120000
08.07.2024;9;12;120000
12.07.2024;9;9;120000
17.07.2024;1595;17;120000
07.07.2024;1595;11;110000
10.07.2024;611;7;110000
12.07.2024;9;18;110000
26.05.2024;9;11;100000
26.05.2024;397;14;100000
27.05.2024;397;11;100000
27.05.2024;611;16;100000
27.05.2024;611;18;100000
28.05.2024;611;18;100000
30.05.2024;611;10;100000
31.05.2024;611;18;100000
01.06.2024;397;7;100000
03.06.2024;611;12;100000
06.06.2024;9;10;100000
06.06.2024;611;14;100000
08.06.2024;9;16;100000
08.06.2024;9;21;100000
08.06.2024;397;23;100000
09.06.2024;9;19;100000
10.06.2024;397;6;100000
10.06.2024;611;11;100000
10.06.2024;611;15;100000
11.06.2024;611;14;100000
11.06.2024;611;16;100000
12.06.2024;9;11;100000
14.06.2024;611;18;100000
15.06.2024;9;11;100000
15.06.2024;611;10;100000
15.06.2024;611;11;100000
19.06.2024;397;15;100000
19.06.2024;1117;12;100000
19.06.2024;1117;19;100000
20.06.2024;1117;19;100000
21.06.2024;611;17;100000
22.06.2024;611;12;100000
22.06.2024;611;15;100000
22.06.2024;1117;12;100000
23.06.2024;397;3;100000
23.06.2024;397;19;100000
24.06.2024;9;20;100000
24.06.2024;1117;8;100000
25.06.2024;397;14;100000
26.06.2024;611;8;100000
28.06.2024;1117;19;100000
29.06.2024;397;15;100000
30.06.2024;9;15;100000
07.07.2024;1595;10;100000
07.07.2024;1595;18;100000
08.07.2024;611;9;100000
09.07.2024;9;11;100000
09.07.2024;611;12;100000
10.07.2024;9;0;100000
10.07.2024;1117;15;100000
11.07.2024;9;11;100000
11.07.2024;611;10;100000
11.07.2024;611;11;100000
11.07.2024;611;12;100000
11.07.2024;611;15;100000
11.07.2024;611;18;100000
14.07.2024;397;17;100000
14.07.2024;397;22;100000
15.07.2024;397;23;100000
15.07.2024;611;17;100000
16.07.2024;397;8;100000
16.07.2024;1117;23;100000
17.07.2024;397;17;100000
17.07.2024;611;15;100000
18.07.2024;1595;22;100000
19.07.2024;397;19;100000
14.06.2024;9;17;90000
26.06.2024;9;13;90000
07.07.2024;1595;19;90000
09.07.2024;9;19;90000
18.07.2024;1595;9;90000
18.06.2024;611;17;80000
01.07.2024;397;12;80000
20.07.2024;397;6;80000
20.07.2024;1595;9;80000
27.06.2024;611;18;70000
30.06.2024;1117;20;70000
06.07.2024;1595;18;70000
08.07.2024;9;22;70000
12.07.2024;1117;14;70000
14.07.2024;397;18;70000
17.07.2024;611;17;70000
17.07.2024;1595;23;70000
19.07.2024;1595;19;70000
04.06.2024;9;20;60000
25.06.2024;397;13;60000
27.06.2024;611;11;60000
30.06.2024;9;16;60000
06.07.2024;1595;17;60000
11.07.2024;1117;16;60000
04.07.2024;9;3;50100
25.05.2024;611;13;50000
25.05.2024;611;15;50000
26.05.2024;9;15;50000
28.05.2024;9;6;50000
28.05.2024;397;20;50000
30.05.2024;611;12;50000
30.05.2024;611;14;50000
03.06.2024;611;19;50000
04.06.2024;611;18;50000
06.06.2024;397;23;50000
07.06.2024;611;7;50000
07.06.2024;611;15;50000
08.06.2024;611;7;50000
09.06.2024;611;17;50000
12.06.2024;611;16;50000
13.06.2024;611;10;50000
14.06.2024;397;6;50000
14.06.2024;611;9;50000
18.06.2024;611;10;50000
19.06.2024;9;22;50000
20.06.2024;611;16;50000
20.06.2024;1117;13;50000
20.06.2024;1117;18;50000
20.06.2024;1117;21;50000
22.06.2024;1117;23;50000
24.06.2024;397;20;50000
24.06.2024;611;11;50000
24.06.2024;611;14;50000
25.06.2024;9;8;50000
25.06.2024;397;5;50000
25.06.2024;611;12;50000
27.06.2024;9;19;50000
27.06.2024;397;15;50000
27.06.2024;397;20;50000
29.06.2024;611;9;50000
01.07.2024;611;23;50000
05.07.2024;1117;0;50000
06.07.2024;1595;14;50000
07.07.2024;1595;20;50000
08.07.2024;611;7;50000
08.07.2024;611;18;50000
09.07.2024;611;8;50000
11.07.2024;9;13;50000
12.07.2024;611;16;50000
13.07.2024;397;23;50000
14.07.2024;1117;17;50000
15.07.2024;397;7;50000
16.07.2024;611;19;50000
16.07.2024;1117;15;50000
18.07.2024;397;1;50000
19.07.2024;9;8;50000
21.07.2024;397;16;50000
10.06.2024;611;16;40000
20.06.2024;611;15;40000
27.06.2024;397;5;40000
01.07.2024;611;17;40000
01.07.2024;1117;17;40000
06.07.2024;1595;15;40000
06.07.2024;1595;16;40000
07.07.2024;1595;7;40000
07.07.2024;1595;17;40000
12.07.2024;611;15;40000
14.07.2024;1117;16;40000
17.07.2024;1595;11;40000
17.07.2024;1595;13;40000
18.07.2024;397;13;40000
19.07.2024;1595;7;40000
19.07.2024;1595;13;40000
19.07.2024;1595;17;40000
20.07.2024;1595;8;40000
20.07.2024;1595;11;40000
20.07.2024;1595;19;40000
13.06.2024;9;6;30000
28.06.2024;397;12;30000
28.06.2024;611;8;30000
01.07.2024;611;16;30000
07.07.2024;1595;12;30000
07.07.2024;1595;16;30000
18.07.2024;1595;11;30000
19.07.2024;611;12;30000
19.07.2024;1595;18;30000
20.07.2024;397;17;30000
20.07.2024;1595;14;30000
21.07.2024;1595;7;30000
25.05.2024;397;23;20000
28.05.2024;611;13;20000
08.06.2024;397;12;20000
26.06.2024;611;14;20000
29.06.2024;397;22;20000
07.07.2024;1595;6;20000
12.07.2024;1117;15;20000
17.07.2024;1595;12;20000
17.07.2024;1595;21;20000
19.07.2024;397;16;20000
19.07.2024;1595;11;20000
20.07.2024;1595;13;20000
20.07.2024;1595;17;20000
30.05.2024;9;14;10000
06.06.2024;9;4;10000
21.06.2024;611;16;10000
25.06.2024;9;7;10000
25.06.2024;611;10;10000
26.06.2024;1117;16;10000
27.06.2024;397;1;10000
05.07.2024;9;23;10000
06.07.2024;1595;20;10000
14.07.2024;9;18;10000
17.07.2024;1595;1;10000
17.07.2024;1595;10;10000
19.07.2024;1595;22;10000
20.07.2024;1595;10;10000
20.07.2024;1595;22;10000
16.06.2024;988;20;1150000
17.06.2024;422;12;1150000
17.06.2024;988;18;1150000
19.06.2024;795;16;1150000
22.06.2024;422;9;1150000
25.06.2024;422;15;1150000
28.06.2024;11;10;1150000
29.06.2024;11;20;1150000
30.06.2024;988;11;1150000
05.07.2024;1127;22;1150000
06.07.2024;988;19;1150000
19.07.2024;795;18;1150000
20.07.2024;422;19;1150000
20.07.2024;795;20;1150000
29.05.2024;988;0;1140000
07.06.2024;1127;17;1140000
12.06.2024;422;11;1140000
26.05.2024;988;16;1120000
09.06.2024;988;10;1120000
29.06.2024;988;18;1120000
18.07.2024;988;10;1120000
20.07.2024;988;10;1120000
11.06.2024;11;13;1110000
12.06.2024;1127;17;1110000
20.07.2024;1598;9;1110000
27.05.2024;988;13;1105000
27.05.2024;186;10;1100000
27.05.2024;988;15;1100000
03.06.2024;186;12;1100000
04.06.2024;1127;13;1100000
07.06.2024;186;8;1100000
08.06.2024;1127;21;1100000
09.06.2024;11;23;1100000
10.06.2024;795;9;1100000
11.06.2024;422;12;1100000
19.06.2024;795;7;1100000
20.06.2024;422;11;1100000
22.06.2024;422;8;1100000
23.06.2024;795;20;1100000
28.06.2024;988;0;1100000
29.06.2024;988;11;1100000
30.06.2024;988;21;1100000
04.07.2024;795;14;1100000
04.07.2024;1127;2;1100000
06.07.2024;11;14;1100000
08.07.2024;988;13;1100000
09.07.2024;1127;17;1100000
12.07.2024;186;12;1100000
14.07.2024;795;13;1100000
17.07.2024;1127;9;1100000
18.07.2024;422;9;1100000
19.07.2024;795;20;1100000
20.06.2024;422;9;1090000
04.06.2024;988;23;1080000
09.07.2024;1598;11;1080000
10.07.2024;422;16;1080000
17.07.2024;988;18;1080000
20.07.2024;1127;10;1080000
13.06.2024;422;22;1070000
01.07.2024;988;19;1070000
29.06.2024;422;21;1060000
25.05.2024;795;8;1050000
26.05.2024;988;17;1050000
27.05.2024;422;12;1050000
28.05.2024;795;16;1050000
10.06.2024;988;20;1050000
11.06.2024;422;17;1050000
14.06.2024;186;19;1050000
21.06.2024;11;18;1050000
21.06.2024;11;20;1050000
21.06.2024;422;18;1050000
01.07.2024;11;16;1050000
04.07.2024;795;21;1050000
07.07.2024;186;21;1050000
11.07.2024;11;9;1050000
12.07.2024;1127;17;1050000
13.07.2024;988;10;1050000
15.07.2024;795;18;1050000
15.07.2024;795;19;1050000
19.07.2024;988;12;1050000
20.07.2024;1598;8;1050000
30.05.2024;11;13;1040000
30.05.2024;422;21;1040000
04.07.2024;1598;15;1040000
29.06.2024;422;14;1030000
17.07.2024;988;3;1025000
11.06.2024;186;17;1020000
19.06.2024;422;15;1020000
08.07.2024;11;20;1020000
31.05.2024;11;9;1010000
08.06.2024;186;11;1010000
05.07.2024;422;18;1010000
19.07.2024;422;16;1010000
25.05.2024;11;9;1000000
25.05.2024;11;19;1000000
25.05.2024;795;6;1000000
25.05.2024;988;16;1000000
26.05.2024;186;16;1000000
28.05.2024;795;14;1000000
30.05.2024;11;9;1000000
30.05.2024;422;12;1000000
31.05.2024;186;20;1000000
03.06.2024;186;9;1000000
03.06.2024;186;14;1000000
05.06.2024;11;21;1000000
07.06.2024;186;21;1000000
07.06.2024;795;22;1000000
07.06.2024;1127;10;1000000
11.06.2024;11;11;1000000
11.06.2024;11;18;1000000
11.06.2024;422;11;1000000
15.06.2024;186;17;1000000
15.06.2024;1127;9;1000000
16.06.2024;186;20;1000000
16.06.2024;988;22;1000000
17.06.2024;422;16;1000000
17.06.2024;1127;22;1000000
18.06.2024;795;22;1000000
18.06.2024;1127;17;1000000
19.06.2024;795;12;1000000
21.06.2024;795;19;1000000
22.06.2024;795;9;1000000
23.06.2024;186;4;1000000
24.06.2024;11;12;1000000
24.06.2024;186;15;1000000
24.06.2024;795;12;1000000
25.06.2024;11;14;1000000
25.06.2024;11;17;1000000
26.06.2024;11;11;1000000
26.06.2024;11;15;1000000
26.06.2024;422;22;1000000
26.06.2024;988;15;1000000
26.06.2024;1127;9;1000000
28.06.2024;422;20;1000000
29.06.2024;11;16;1000000
01.07.2024;11;20;1000000
01.07.2024;988;23;1000000
01.07.2024;1127;19;1000000
01.07.2024;1127;23;1000000
06.07.2024;11;13;1000000
06.07.2024;186;4;1000000
09.07.2024;11;9;1000000
09.07.2024;988;16;1000000
10.07.2024;186;8;1000000
10.07.2024;186;21;1000000
11.07.2024;422;11;1000000
12.07.2024;186;5;1000000
13.07.2024;795;7;1000000
15.07.2024;186;22;1000000
16.07.2024;795;22;1000000
16.07.2024;1127;4;1000000
17.07.2024;988;9;1000000
17.07.2024;1127;1;1000000
18.07.2024;795;13;1000000
18.07.2024;795;20;1000000
19.07.2024;186;10;1000000
19.07.2024;1127;7;1000000
20.07.2024;795;18;1000000
21.07.2024;186;14;1000000
21.07.2024;422;20;1000000
21.07.2024;1127;6;1000000
20.06.2024;988;11;995000
24.06.2024;988;10;990000
20.07.2024;422;11;990000
20.07.2024;1127;14;990000
10.06.2024;186;20;980000
09.07.2024;988;10;975000
29.06.2024;422;15;970000
11.07.2024;1127;18;970000
19.07.2024;988;11;970000
04.07.2024;988;22;960000
17.07.2024;1598;14;960000
18.06.2024;186;20;950000
18.06.2024;422;13;950000
21.06.2024;795;16;950000
22.06.2024;422;20;950000
22.06.2024;795;21;950000
27.06.2024;422;8;950000
04.07.2024;1127;22;950000
06.07.2024;186;12;950000
06.07.2024;988;14;950000
11.07.2024;186;10;950000
11.07.2024;795;7;950000
12.07.2024;1598;19;950000
16.07.2024;422;0;950000
17.07.2024;988;14;950000
19.07.2024;795;17;950000
28.06.2024;988;7;945000
14.07.2024;988;9;945000
17.06.2024;422;11;940000
09.07.2024;1127;11;940000
17.07.2024;11;13;940000
21.07.2024;988;16;940000
20.07.2024;422;16;930000
27.05.2024;988;16;920000
30.05.2024;988;8;920000
23.06.2024;422;16;920000
10.07.2024;1598;11;920000
14.07.2024;422;20;920000
10.07.2024;422;12;910000
28.05.2024;988;13;900000
30.05.2024;988;10;900000
01.06.2024;186;14;900000
02.06.2024;186;14;900000
06.06.2024;11;15;900000
07.06.2024;1127;18;900000
08.06.2024;1127;7;900000
09.06.2024;795;6;900000
10.06.2024;186;11;900000
13.06.2024;186;13;900000
13.06.2024;988;20;900000
14.06.2024;422;7;900000
16.06.2024;988;12;900000
18.06.2024;422;17;900000
30.06.2024;988;0;900000
04.07.2024;11;16;900000
06.07.2024;186;18;900000
06.07.2024;795;21;900000
06.07.2024;988;13;900000
08.07.2024;11;17;900000
09.07.2024;988;20;900000
11.07.2024;11;16;900000
12.07.2024;11;14;900000
12.07.2024;1127;10;900000
13.07.2024;186;19;900000
13.07.2024;186;21;900000
14.07.2024;795;18;900000
17.07.2024;11;19;900000
17.07.2024;988;20;900000
18.07.2024;1598;14;900000
20.07.2024;988;22;900000
21.07.2024;795;14;900000
21.07.2024;1127;16;900000
28.05.2024;422;17;890000
04.07.2024;1127;13;890000
12.07.2024;988;10;890000
20.07.2024;1598;14;890000
21.07.2024;1127;10;890000
28.05.2024;988;15;880000
07.06.2024;186;9;880000
07.06.2024;1127;21;880000
17.07.2024;1127;0;880000
19.06.2024;422;20;870000
12.07.2024;1598;13;870000
12.06.2024;11;17;850000
17.06.2024;988;17;850000
18.06.2024;422;8;850000
21.06.2024;11;17;850000
26.06.2024;988;20;850000
10.07.2024;988;9;850000
12.07.2024;795;19;850000
16.07.2024;988;2;850000
17.07.2024;795;10;850000
19.07.2024;988;20;850000
19.07.2024;1598;13;850000
20.07.2024;988;20;850000
21.07.2024;795;6;850000
07.06.2024;11;14;840000
11.07.2024;11;3;840000
10.07.2024;1127;16;830000
19.07.2024;1598;16;830000
25.05.2024;422;8;820000
11.07.2024;1127;17;820000
15.06.2024;422;15;810000
26.05.2024;186;10;800000
02.06.2024;186;9;800000
02.06.2024;988;10;800000
03.06.2024;11;6;800000
05.06.2024;1127;12;800000
06.06.2024;11;18;800000
06.06.2024;422;22;800000
07.06.2024;11;13;800000
10.06.2024;795;16;800000
11.06.2024;422;14;800000
11.06.2024;1127;9;800000
12.06.2024;11;14;800000
13.06.2024;988;7;800000
14.06.2024;11;19;800000
15.06.2024;186;11;800000
15.06.2024;1127;7;800000
20.06.2024;1127;19;800000
21.06.2024;795;18;800000
23.06.2024;988;21;800000
24.06.2024;988;22;800000
26.06.2024;422;14;800000
26.06.2024;988;12;800000
04.07.2024;1127;21;800000
06.07.2024;186;7;800000
07.07.2024;988;15;800000
08.07.2024;11;8;800000
09.07.2024;422;10;800000
11.07.2024;1127;19;800000
14.07.2024;795;16;800000
14.07.2024;988;11;800000
14.07.2024;988;12;800000
16.07.2024;795;3;800000
16.07.2024;988;13;800000
18.07.2024;988;11;800000
18.07.2024;988;15;800000
18.07.2024;988;16;800000
18.07.2024;1598;8;800000
19.07.2024;422;21;800000
19.07.2024;1598;17;800000
20.07.2024;186;18;800000
21.07.2024;1598;10;800000
21.07.2024;1598;12;800000
04.06.2024;1127;14;790000
25.06.2024;988;11;790000
10.07.2024;1127;17;790000
16.07.2024;1127;18;790000
29.05.2024;422;19;770000
03.06.2024;1127;20;770000
12.07.2024;1598;17;770000
14.06.2024;11;13;760000
22.06.2024;11;6;760000
25.06.2024;988;9;760000
12.07.2024;1598;12;760000
18.07.2024;186;0;760000
29.05.2024;988;17;750000
10.06.2024;422;8;750000
11.06.2024;988;18;750000
13.06.2024;186;0;750000
13.06.2024;795;18;750000
14.06.2024;988;9;750000
15.06.2024;988;16;750000
18.06.2024;186;11;750000
18.06.2024;422;9;750000
18.06.2024;795;18;750000
18.06.2024;988;10;750000
19.06.2024;422;17;750000
25.06.2024;11;19;750000
27.06.2024;186;9;750000
27.06.2024;988;12;750000
04.07.2024;1598;14;750000
06.07.2024;988;20;750000
07.07.2024;988;21;750000
11.07.2024;795;9;750000
18.07.2024;1598;10;750000
05.07.2024;1127;6;740000
09.07.2024;422;13;740000
12.07.2024;988;15;720000
13.07.2024;422;15;720000
17.07.2024;186;12;720000
06.06.2024;988;14;705000
27.05.2024;422;18;700000
28.05.2024;186;20;700000
28.05.2024;422;12;700000
28.05.2024;795;15;700000
30.05.2024;988;7;700000
31.05.2024;186;19;700000
01.06.2024;11;0;700000
01.06.2024;11;7;700000
01.06.2024;988;20;700000
02.06.2024;186;19;700000
04.06.2024;186;14;700000
04.06.2024;186;21;700000
04.06.2024;1127;19;700000
05.06.2024;11;19;700000
05.06.2024;186;8;700000
05.06.2024;186;13;700000
06.06.2024;11;20;700000
08.06.2024;11;11;700000
08.06.2024;422;23;700000
08.06.2024;795;0;700000
09.06.2024;422;15;700000
09.06.2024;795;0;700000
09.06.2024;795;11;700000
09.06.2024;795;23;700000
09.06.2024;988;14;700000
10.06.2024;988;7;700000
11.06.2024;11;10;700000
11.06.2024;1127;21;700000
12.06.2024;11;16;700000
15.06.2024;988;7;700000
21.06.2024;795;14;700000
22.06.2024;795;14;700000
23.06.2024;186;16;700000
24.06.2024;795;10;700000
25.06.2024;795;13;700000
01.07.2024;11;14;700000
01.07.2024;11;22;700000
04.07.2024;186;7;700000
05.07.2024;11;19;700000
06.07.2024;988;15;700000
08.07.2024;988;8;700000
11.07.2024;795;10;700000
12.07.2024;1598;14;700000
13.07.2024;11;14;700000
13.07.2024;422;13;700000
15.07.2024;11;23;700000
16.07.2024;1127;5;700000
18.07.2024;1598;16;700000
19.07.2024;11;13;700000
20.07.2024;11;1;700000
20.07.2024;795;7;700000
20.07.2024;795;8;700000
27.06.2024;186;8;690000
06.07.2024;988;21;685000
09.06.2024;422;16;680000
09.06.2024;988;22;680000
07.07.2024;988;18;680000
09.06.2024;422;21;670000
04.07.2024;1127;16;670000
15.06.2024;988;15;660000
27.06.2024;186;15;660000
29.05.2024;11;11;650000
02.06.2024;988;18;650000
03.06.2024;988;17;650000
09.06.2024;988;7;650000
10.06.2024;1127;14;650000
11.06.2024;1127;19;650000
19.06.2024;422;11;650000
22.06.2024;422;11;650000
24.06.2024;422;14;650000
25.06.2024;11;13;650000
25.06.2024;422;10;650000
25.06.2024;422;16;650000
26.06.2024;795;10;650000
28.06.2024;1127;20;650000
07.07.2024;11;10;650000
08.07.2024;11;15;650000
09.07.2024;988;17;650000
10.07.2024;1127;6;650000
17.07.2024;795;1;650000
19.07.2024;186;17;650000
19.07.2024;1598;11;650000
20.07.2024;988;12;650000
20.07.2024;1598;18;650000
21.07.2024;11;14;650000
29.05.2024;422;16;640000
07.06.2024;186;16;640000
08.06.2024;422;21;640000
08.06.2024;1127;11;640000
09.06.2024;186;0;640000
10.07.2024;422;10;640000
11.07.2024;1127;10;640000
01.06.2024;988;13;635000
31.05.2024;988;9;620000
01.06.2024;186;18;620000
09.06.2024;422;14;620000
28.06.2024;186;19;620000
09.07.2024;11;18;620000
16.07.2024;422;5;620000
18.07.2024;11;19;620000
20.07.2024;988;21;610000
06.07.2024;988;11;605000
25.05.2024;186;10;600000
27.05.2024;422;14;600000
28.05.2024;988;21;600000
30.05.2024;988;13;600000
04.06.2024;186;13;600000
06.06.2024;11;19;600000
06.06.2024;11;22;600000
07.06.2024;795;6;600000
07.06.2024;795;16;600000
09.06.2024;988;15;600000
09.06.2024;988;21;600000
10.06.2024;186;9;600000
10.06.2024;795;8;600000
16.06.2024;795;14;600000
16.06.2024;988;15;600000
17.06.2024;988;20;600000
17.06.2024;1127;16;600000
18.06.2024;422;14;600000
18.06.2024;988;12;600000
23.06.2024;795;6;600000
24.06.2024;795;17;600000
25.06.2024;422;9;600000
26.06.2024;422;20;600000
28.06.2024;11;8;600000
29.06.2024;186;19;600000
30.06.2024;1127;16;600000
30.06.2024;1127;17;600000
07.07.2024;795;6;600000
08.07.2024;11;10;600000
08.07.2024;186;7;600000
08.07.2024;795;8;600000
09.07.2024;795;20;600000
10.07.2024;795;8;600000
10.07.2024;1598;13;600000
11.07.2024;186;9;600000
13.07.2024;11;15;600000
15.07.2024;422;22;600000
15.07.2024;795;6;600000
16.07.2024;186;11;600000
16.07.2024;988;11;600000
19.07.2024;795;8;600000
19.07.2024;1127;16;600000
21.07.2024;1127;7;600000
16.06.2024;1127;22;590000
30.06.2024;11;20;590000
15.07.2024;11;20;590000
19.07.2024;988;13;590000
28.05.2024;186;12;580000
28.05.2024;988;8;580000
04.06.2024;186;22;580000
11.06.2024;422;10;580000
25.06.2024;422;11;580000
26.06.2024;988;22;580000
17.06.2024;988;16;575000
02.06.2024;422;13;570000
22.06.2024;11;10;570000
28.06.2024;988;11;570000
28.06.2024;988;14;570000
28.06.2024;988;17;570000
18.07.2024;1127;13;570000
18.07.2024;988;8;565000
02.06.2024;988;23;560000
25.05.2024;11;23;550000
05.06.2024;988;18;550000
08.06.2024;795;10;550000
12.06.2024;11;12;550000
13.06.2024;795;0;550000
19.06.2024;1127;13;550000
21.06.2024;11;19;550000
21.06.2024;422;22;550000
24.06.2024;795;7;550000
24.06.2024;795;13;550000
24.06.2024;795;20;550000
25.06.2024;186;11;550000
27.06.2024;988;7;550000
28.06.2024;11;16;550000
05.07.2024;11;0;550000
05.07.2024;795;0;550000
06.07.2024;795;20;550000
11.07.2024;795;15;550000
16.07.2024;422;14;550000
19.07.2024;11;11;550000
19.07.2024;11;20;550000
20.07.2024;11;7;550000
20.07.2024;11;10;550000
21.07.2024;422;16;550000
25.05.2024;186;19;540000
29.05.2024;988;18;540000
23.06.2024;186;10;540000
26.05.2024;186;13;530000
04.06.2024;1127;17;530000
19.07.2024;1598;8;530000
30.06.2024;186;18;520000
20.07.2024;422;10;520000
25.05.2024;186;15;510000
15.06.2024;1127;10;510000
17.07.2024;988;16;510000
25.05.2024;186;6;500000
26.05.2024;988;22;500000
27.05.2024;11;10;500000
27.05.2024;11;13;500000
27.05.2024;186;17;500000
28.05.2024;422;21;500000
28.05.2024;988;18;500000
29.05.2024;186;20;500000
29.05.2024;988;20;500000
30.05.2024;11;15;500000
30.05.2024;11;19;500000
30.05.2024;422;13;500000
31.05.2024;11;20;500000
01.06.2024;11;11;500000
01.06.2024;11;18;500000
01.06.2024;186;9;500000
01.06.2024;186;15;500000
01.06.2024;988;16;500000
01.06.2024;988;17;500000
02.06.2024;186;11;500000
02.06.2024;186;21;500000
03.06.2024;11;19;500000
03.06.2024;186;17;500000
03.06.2024;186;21;500000
04.06.2024;186;5;500000
05.06.2024;11;11;500000
05.06.2024;11;18;500000
05.06.2024;186;10;500000
05.06.2024;1127;19;500000
05.06.2024;1127;20;500000
06.06.2024;11;13;500000
06.06.2024;988;15;500000
06.06.2024;1127;21;500000
07.06.2024;186;15;500000
08.06.2024;11;12;500000
08.06.2024;186;6;500000
09.06.2024;11;19;500000
10.06.2024;186;10;500000
10.06.2024;795;15;500000
10.06.2024;795;21;500000
10.06.2024;988;8;500000
10.06.2024;1127;7;500000
11.06.2024;422;13;500000
11.06.2024;795;19;500000
11.06.2024;795;22;500000
11.06.2024;988;7;500000
12.06.2024;11;8;500000
12.06.2024;186;18;500000
13.06.2024;11;20;500000
14.06.2024;186;14;500000
14.06.2024;1127;18;500000
14.06.2024;1127;19;500000
15.06.2024;186;4;500000
15.06.2024;1127;6;500000
16.06.2024;186;18;500000
18.06.2024;988;17;500000
19.06.2024;186;11;500000
19.06.2024;186;18;500000
20.06.2024;186;23;500000
20.06.2024;795;14;500000
22.06.2024;795;18;500000
23.06.2024;186;15;500000
23.06.2024;422;19;500000
24.06.2024;11;14;500000
24.06.2024;11;16;500000
24.06.2024;988;17;500000
25.06.2024;988;20;500000
25.06.2024;988;21;500000
26.06.2024;11;19;500000
26.06.2024;186;5;500000
26.06.2024;422;7;500000
28.06.2024;11;14;500000
28.06.2024;186;7;500000
29.06.2024;186;22;500000
29.06.2024;1127;9;500000
30.06.2024;186;11;500000
01.07.2024;186;8;500000
04.07.2024;11;19;500000
04.07.2024;11;21;500000
05.07.2024;988;0;500000
07.07.2024;11;14;500000
08.07.2024;186;14;500000
08.07.2024;988;7;500000
09.07.2024;11;16;500000
09.07.2024;11;19;500000
09.07.2024;186;8;500000
09.07.2024;186;23;500000
09.07.2024;795;7;500000
09.07.2024;1127;9;500000
09.07.2024;1127;16;500000
10.07.2024;11;4;500000
10.07.2024;186;6;500000
10.07.2024;186;12;500000
10.07.2024;422;14;500000
11.07.2024;795;12;500000
12.07.2024;11;12;500000
12.07.2024;422;22;500000
13.07.2024;795;16;500000
13.07.2024;1127;10;500000
14.07.2024;422;15;500000
14.07.2024;795;12;500000
16.07.2024;11;13;500000
16.07.2024;186;12;500000
16.07.2024;795;19;500000
17.07.2024;988;22;500000
18.07.2024;11;4;500000
18.07.2024;11;10;500000
18.07.2024;186;16;500000
18.07.2024;186;21;500000
19.07.2024;186;5;500000
19.07.2024;186;15;500000
19.07.2024;186;21;500000
19.07.2024;422;18;500000
19.07.2024;795;16;500000
19.07.2024;988;21;500000
20.07.2024;11;13;500000
20.07.2024;795;16;500000
21.07.2024;988;15;500000
21.07.2024;1127;11;500000
21.07.2024;1127;18;500000
21.07.2024;1127;21;500000
21.07.2024;1598;19;500000
18.07.2024;988;17;495000
29.05.2024;422;14;490000
30.06.2024;988;17;490000
19.07.2024;1598;18;490000
07.06.2024;1127;11;480000
09.06.2024;988;13;480000
14.07.2024;422;11;480000
18.07.2024;1598;13;480000
16.06.2024;988;16;475000
18.06.2024;988;18;470000
09.07.2024;988;14;470000
17.07.2024;988;5;470000
13.06.2024;988;15;465000
02.06.2024;988;9;460000
06.06.2024;186;23;460000
22.06.2024;422;12;460000
12.07.2024;422;14;460000
18.07.2024;1127;21;460000
09.06.2024;186;2;450000
13.06.2024;988;16;450000
16.06.2024;795;15;450000
17.06.2024;988;12;450000
18.06.2024;1127;19;450000
19.06.2024;1127;21;450000
21.06.2024;422;7;450000
23.06.2024;795;17;450000
27.06.2024;988;8;450000
01.07.2024;1127;14;450000
10.07.2024;795;17;450000
11.07.2024;1127;6;450000
14.07.2024;422;21;450000
14.07.2024;795;14;450000
16.07.2024;422;22;450000
17.07.2024;988;2;450000
20.07.2024;795;19;450000
05.06.2024;422;22;440000
14.06.2024;422;22;440000
28.06.2024;11;11;440000
13.06.2024;988;18;430000
24.06.2024;422;12;430000
25.06.2024;186;17;430000
28.06.2024;988;15;430000
30.06.2024;422;14;430000
13.07.2024;422;7;430000
13.07.2024;988;9;430000
16.06.2024;988;19;420000
23.06.2024;422;8;420000
29.06.2024;988;16;420000
22.06.2024;422;17;410000
06.07.2024;1127;0;410000
26.05.2024;11;7;400000
27.05.2024;11;19;400000
27.05.2024;988;7;400000
27.05.2024;988;8;400000
29.05.2024;11;0;400000
30.05.2024;988;15;400000
31.05.2024;11;5;400000
05.06.2024;186;14;400000
05.06.2024;1127;9;400000
09.06.2024;11;12;400000
09.06.2024;1127;16;400000
10.06.2024;795;5;400000
11.06.2024;988;8;400000
12.06.2024;11;15;400000
12.06.2024;11;23;400000
12.06.2024;186;12;400000
13.06.2024;795;16;400000
14.06.2024;1127;20;400000
15.06.2024;186;20;400000
15.06.2024;1127;12;400000
16.06.2024;186;14;400000
16.06.2024;422;13;400000
16.06.2024;1127;19;400000
17.06.2024;988;13;400000
18.06.2024;1127;9;400000
20.06.2024;795;6;400000
20.06.2024;795;20;400000
20.06.2024;795;21;400000
22.06.2024;11;16;400000
23.06.2024;422;15;400000
23.06.2024;422;22;400000
23.06.2024;795;23;400000
23.06.2024;988;22;400000
24.06.2024;11;17;400000
24.06.2024;186;8;400000
25.06.2024;795;8;400000
25.06.2024;988;7;400000
26.06.2024;11;8;400000
26.06.2024;11;14;400000
26.06.2024;988;21;400000
27.06.2024;422;13;400000
27.06.2024;988;16;400000
27.06.2024;1127;17;400000
28.06.2024;988;13;400000
28.06.2024;1127;13;400000
28.06.2024;1127;17;400000
29.06.2024;186;15;400000
29.06.2024;422;19;400000
04.07.2024;795;1;400000
06.07.2024;422;22;400000
07.07.2024;186;16;400000
08.07.2024;186;20;400000
09.07.2024;186;7;400000
10.07.2024;11;20;400000
10.07.2024;422;11;400000
10.07.2024;795;15;400000
11.07.2024;11;15;400000
11.07.2024;795;19;400000
11.07.2024;1127;20;400000
13.07.2024;186;12;400000
13.07.2024;988;13;400000
13.07.2024;1598;14;400000
14.07.2024;422;7;400000
14.07.2024;422;17;400000
14.07.2024;1598;20;400000
15.07.2024;11;22;400000
16.07.2024;988;19;400000
17.07.2024;988;4;400000
17.07.2024;988;15;400000
17.07.2024;1598;16;400000
19.07.2024;988;9;400000
21.07.2024;1598;13;400000
31.05.2024;988;8;390000
21.06.2024;11;13;390000
25.06.2024;988;8;390000
05.07.2024;11;9;390000
03.06.2024;11;17;380000
07.06.2024;186;18;380000
18.06.2024;1127;12;380000
26.06.2024;1127;13;380000
05.07.2024;186;10;380000
12.07.2024;11;18;380000
15.06.2024;988;21;370000
28.06.2024;422;15;370000
30.06.2024;988;19;370000
01.07.2024;988;12;370000
12.07.2024;11;15;370000
12.07.2024;1598;10;370000
18.07.2024;11;5;370000
20.07.2024;988;13;370000
18.07.2024;988;19;365000
13.07.2024;1598;19;360000
25.05.2024;11;7;350000
25.05.2024;186;13;350000
29.05.2024;422;21;350000
03.06.2024;988;16;350000
06.06.2024;186;15;350000
08.06.2024;186;13;350000
09.06.2024;988;18;350000
10.06.2024;795;13;350000
10.06.2024;795;23;350000
11.06.2024;186;0;350000
13.06.2024;988;19;350000
16.06.2024;988;21;350000
20.06.2024;795;19;350000
20.06.2024;988;23;350000
21.06.2024;795;10;350000
22.06.2024;186;8;350000
27.06.2024;422;19;350000
06.07.2024;1127;1;350000
12.07.2024;1598;15;350000
17.07.2024;795;23;350000
17.07.2024;1598;21;350000
18.07.2024;11;16;350000
18.07.2024;422;10;350000
26.05.2024;988;12;340000
26.05.2024;988;14;340000
28.06.2024;186;11;340000
01.07.2024;988;15;340000
09.07.2024;1127;12;340000
10.07.2024;1598;17;340000
12.07.2024;422;15;340000
12.07.2024;988;16;340000
12.07.2024;1127;16;340000
18.07.2024;11;15;340000
26.05.2024;988;11;330000
21.07.2024;186;19;330000
21.06.2024;988;9;325000
31.05.2024;988;10;320000
12.06.2024;1127;16;320000
25.06.2024;186;12;320000
28.06.2024;422;14;320000
30.06.2024;422;13;320000
09.07.2024;11;12;320000
17.07.2024;11;20;320000
30.05.2024;988;16;310000
11.06.2024;11;12;310000
29.06.2024;988;14;310000
25.05.2024;795;13;300000
26.05.2024;11;9;300000
26.05.2024;186;19;300000
27.05.2024;186;9;300000
27.05.2024;988;6;300000
27.05.2024;988;20;300000
30.05.2024;11;7;300000
31.05.2024;11;11;300000
31.05.2024;422;7;300000
31.05.2024;988;22;300000
02.06.2024;11;17;300000
02.06.2024;186;12;300000
03.06.2024;11;13;300000
03.06.2024;11;21;300000
04.06.2024;186;10;300000
04.06.2024;186;19;300000
05.06.2024;186;7;300000
06.06.2024;11;11;300000
06.06.2024;795;2;300000
06.06.2024;795;8;300000
07.06.2024;1127;14;300000
08.06.2024;795;15;300000
09.06.2024;11;18;300000
09.06.2024;795;21;300000
09.06.2024;1127;17;300000
10.06.2024;11;2;300000
11.06.2024;11;9;300000
12.06.2024;11;13;300000
12.06.2024;186;15;300000
13.06.2024;11;10;300000
13.06.2024;186;6;300000
13.06.2024;795;1;300000
13.06.2024;795;19;300000
15.06.2024;186;21;300000
16.06.2024;795;13;300000
17.06.2024;422;8;300000
17.06.2024;795;20;300000
18.06.2024;1127;18;300000
19.06.2024;186;10;300000
19.06.2024;422;14;300000
19.06.2024;1127;7;300000
19.06.2024;1127;10;300000
20.06.2024;186;5;300000
21.06.2024;186;18;300000
21.06.2024;795;8;300000
21.06.2024;795;12;300000
21.06.2024;795;22;300000
23.06.2024;11;9;300000
23.06.2024;11;13;300000
24.06.2024;11;8;300000
24.06.2024;11;15;300000
24.06.2024;422;10;300000
24.06.2024;795;14;300000
26.06.2024;186;11;300000
26.06.2024;795;6;300000
28.06.2024;988;23;300000
29.06.2024;186;16;300000
30.06.2024;11;9;300000
30.06.2024;11;16;300000
30.06.2024;988;13;300000
30.06.2024;988;20;300000
30.06.2024;1127;19;300000
01.07.2024;11;21;300000
04.07.2024;186;6;300000
06.07.2024;11;12;300000
07.07.2024;422;17;300000
08.07.2024;11;11;300000
08.07.2024;795;11;300000
09.07.2024;11;10;300000
10.07.2024;1127;19;300000
10.07.2024;1598;15;300000
10.07.2024;1598;21;300000
11.07.2024;11;14;300000
11.07.2024;186;22;300000
12.07.2024;988;20;300000
13.07.2024;1598;13;300000
14.07.2024;11;9;300000
15.07.2024;11;17;300000
15.07.2024;1598;19;300000
16.07.2024;988;6;300000
16.07.2024;988;7;300000
17.07.2024;795;0;300000
18.07.2024;186;7;300000
18.07.2024;422;15;300000
19.07.2024;11;21;300000
19.07.2024;422;12;300000
19.07.2024;795;12;300000
19.07.2024;1598;10;300000
20.07.2024;422;14;300000
20.07.2024;1127;0;300000
21.07.2024;186;22;300000
21.07.2024;1598;14;300000
06.07.2024;988;23;295000
01.06.2024;988;19;290000
18.06.2024;988;11;290000
23.06.2024;186;8;290000
26.06.2024;186;0;290000
26.06.2024;186;9;290000
01.07.2024;186;9;290000
05.07.2024;11;17;290000
13.07.2024;186;11;290000
16.07.2024;186;4;290000
19.07.2024;1127;8;290000
25.05.2024;988;14;280000
31.05.2024;186;22;280000
06.06.2024;186;20;280000
07.06.2024;11;17;280000
09.06.2024;1127;10;280000
21.06.2024;11;21;280000
17.07.2024;422;16;280000
31.05.2024;988;15;275000
27.05.2024;988;17;270000
19.06.2024;1127;8;270000
20.06.2024;1127;20;270000
29.06.2024;186;20;270000
29.06.2024;988;12;270000
20.07.2024;988;18;270000
28.05.2024;988;14;260000
17.06.2024;988;14;260000
15.07.2024;988;17;260000
20.07.2024;988;7;260000
25.05.2024;795;7;250000
27.05.2024;11;18;250000
28.05.2024;988;19;250000
30.05.2024;422;8;250000
10.06.2024;1127;18;250000
11.06.2024;988;20;250000
12.06.2024;186;14;250000
14.06.2024;795;12;250000
14.06.2024;795;18;250000
15.06.2024;795;21;250000
16.06.2024;422;21;250000
16.06.2024;1127;18;250000
17.06.2024;1127;19;250000
18.06.2024;422;21;250000
19.06.2024;422;21;250000
19.06.2024;988;13;250000
20.06.2024;186;11;250000
21.06.2024;988;6;250000
21.06.2024;1127;8;250000
23.06.2024;795;8;250000
24.06.2024;795;6;250000
26.06.2024;988;16;250000
04.07.2024;11;14;250000
09.07.2024;1598;14;250000
10.07.2024;988;19;250000
10.07.2024;1127;7;250000
11.07.2024;11;18;250000
11.07.2024;422;13;250000
16.07.2024;422;2;250000
16.07.2024;988;3;250000
18.07.2024;186;17;250000
18.07.2024;1127;16;250000
20.07.2024;11;18;250000
07.06.2024;1127;9;240000
21.06.2024;1127;18;240000
28.06.2024;11;12;240000
06.07.2024;186;19;240000
09.07.2024;422;22;240000
11.07.2024;988;19;240000
14.06.2024;186;13;230000
06.07.2024;1127;12;230000
11.07.2024;422;12;230000
12.07.2024;1127;20;230000
16.07.2024;11;2;230000
18.07.2024;1127;20;230000
20.07.2024;1598;19;230000
25.05.2024;186;22;220000
26.05.2024;988;18;220000
11.06.2024;1127;11;220000
13.06.2024;186;11;220000
16.06.2024;988;11;220000
25.06.2024;988;15;220000
18.07.2024;11;8;220000
20.07.2024;1127;21;220000
21.07.2024;1127;12;220000
02.06.2024;988;16;210000
18.06.2024;988;9;210000
27.06.2024;988;19;210000
25.05.2024;11;11;200000
25.05.2024;795;4;200000
25.05.2024;988;17;200000
25.05.2024;988;19;200000
28.05.2024;186;10;200000
28.05.2024;186;22;200000
28.05.2024;422;8;200000
28.05.2024;795;17;200000
28.05.2024;988;5;200000
30.05.2024;11;8;200000
30.05.2024;11;11;200000
31.05.2024;988;11;200000
01.06.2024;988;8;200000
04.06.2024;186;7;200000
04.06.2024;795;22;200000
06.06.2024;11;21;200000
06.06.2024;186;18;200000
07.06.2024;186;19;200000
07.06.2024;186;22;200000
07.06.2024;795;4;200000
07.06.2024;795;23;200000
08.06.2024;11;17;200000
08.06.2024;795;4;200000
08.06.2024;795;17;200000
09.06.2024;186;21;200000
09.06.2024;795;3;200000
09.06.2024;988;16;200000
10.06.2024;988;14;200000
10.06.2024;1127;8;200000
10.06.2024;1127;17;200000
10.06.2024;1127;21;200000
11.06.2024;795;14;200000
11.06.2024;988;10;200000
11.06.2024;988;15;200000
12.06.2024;11;20;200000
12.06.2024;186;5;200000
12.06.2024;186;7;200000
12.06.2024;988;19;200000
12.06.2024;1127;9;200000
13.06.2024;988;14;200000
13.06.2024;988;17;200000
13.06.2024;988;22;200000
14.06.2024;11;12;200000
14.06.2024;795;20;200000
14.06.2024;1127;13;200000
15.06.2024;1127;11;200000
16.06.2024;186;8;200000
16.06.2024;795;12;200000
17.06.2024;186;16;200000
17.06.2024;1127;12;200000
18.06.2024;186;7;200000
18.06.2024;795;10;200000
18.06.2024;988;21;200000
19.06.2024;186;16;200000
19.06.2024;795;6;200000
20.06.2024;186;1;200000
20.06.2024;186;17;200000
20.06.2024;795;11;200000
20.06.2024;795;15;200000
20.06.2024;1127;10;200000
21.06.2024;186;14;200000
21.06.2024;422;15;200000
21.06.2024;795;17;200000
21.06.2024;988;13;200000
21.06.2024;988;15;200000
22.06.2024;795;16;200000
22.06.2024;795;17;200000
23.06.2024;186;17;200000
23.06.2024;422;23;200000
23.06.2024;795;18;200000
24.06.2024;795;11;200000
25.06.2024;11;8;200000
25.06.2024;186;5;200000
25.06.2024;186;7;200000
25.06.2024;186;18;200000
25.06.2024;1127;18;200000
26.06.2024;186;20;200000
26.06.2024;422;15;200000
26.06.2024;988;5;200000
28.06.2024;11;21;200000
28.06.2024;988;6;200000
29.06.2024;988;15;200000
29.06.2024;1127;20;200000
30.06.2024;186;14;200000
30.06.2024;186;20;200000
30.06.2024;422;19;200000
01.07.2024;11;13;200000
04.07.2024;795;20;200000
04.07.2024;1127;18;200000
04.07.2024;1127;23;200000
04.07.2024;1598;2;200000
04.07.2024;1598;16;200000
05.07.2024;186;13;200000
05.07.2024;1127;0;200000
05.07.2024;1127;9;200000
05.07.2024;1127;17;200000
06.07.2024;11;16;200000
06.07.2024;186;11;200000
06.07.2024;186;17;200000
07.07.2024;11;9;200000
07.07.2024;186;0;200000
07.07.2024;988;6;200000
07.07.2024;988;17;200000
08.07.2024;795;17;200000
09.07.2024;988;22;200000
09.07.2024;1598;13;200000
10.07.2024;186;13;200000
10.07.2024;186;16;200000
10.07.2024;186;17;200000
10.07.2024;1127;8;200000
11.07.2024;11;7;200000
11.07.2024;11;13;200000
11.07.2024;795;11;200000
11.07.2024;1598;15;200000
12.07.2024;186;9;200000
12.07.2024;186;21;200000
12.07.2024;795;16;200000
13.07.2024;11;7;200000
14.07.2024;186;14;200000
14.07.2024;795;7;200000
15.07.2024;1598;17;200000
16.07.2024;988;5;200000
16.07.2024;1127;1;200000
16.07.2024;1127;8;200000
17.07.2024;988;1;200000
17.07.2024;1127;4;200000
17.07.2024;1127;5;200000
18.07.2024;11;13;200000
18.07.2024;422;0;200000
19.07.2024;186;23;200000
19.07.2024;422;20;200000
19.07.2024;1127;9;200000
19.07.2024;1598;20;200000
20.07.2024;11;20;200000
20.07.2024;186;23;200000
20.07.2024;422;15;200000
20.07.2024;1127;12;200000
21.07.2024;1127;8;200000
26.05.2024;988;19;195000
14.06.2024;422;13;190000
17.06.2024;1127;8;190000
25.06.2024;1127;21;190000
08.07.2024;186;13;190000
15.07.2024;422;18;190000
18.07.2024;988;20;190000
26.05.2024;186;21;180000
28.05.2024;186;15;180000
30.05.2024;11;16;180000
10.06.2024;988;6;180000
08.07.2024;186;5;180000
14.06.2024;186;15;170000
24.06.2024;11;7;170000
25.05.2024;988;13;160000
11.06.2024;11;21;160000
24.06.2024;988;14;160000
15.07.2024;988;2;160000
05.06.2024;186;22;150000
07.06.2024;988;13;150000
10.06.2024;795;6;150000
10.06.2024;988;21;150000
12.06.2024;186;19;150000
13.06.2024;795;21;150000
13.06.2024;988;5;150000
14.06.2024;186;17;150000
14.06.2024;422;16;150000
14.06.2024;795;11;150000
14.06.2024;795;16;150000
14.06.2024;795;19;150000
15.06.2024;186;19;150000
15.06.2024;795;12;150000
15.06.2024;795;14;150000
16.06.2024;795;9;150000
17.06.2024;11;15;150000
17.06.2024;795;12;150000
17.06.2024;795;18;150000
18.06.2024;795;11;150000
22.06.2024;795;6;150000
23.06.2024;186;7;150000
24.06.2024;11;5;150000
24.06.2024;422;21;150000
25.06.2024;422;12;150000
25.06.2024;795;16;150000
26.06.2024;1127;18;150000
27.06.2024;186;23;150000
28.06.2024;186;17;150000
28.06.2024;988;20;150000
28.06.2024;988;22;150000
29.06.2024;1127;10;150000
30.06.2024;988;8;150000
08.07.2024;795;14;150000
08.07.2024;795;16;150000
10.07.2024;1127;15;150000
10.07.2024;1598;10;150000
11.07.2024;795;14;150000
11.07.2024;795;16;150000
12.07.2024;11;11;150000
13.07.2024;795;19;150000
14.07.2024;988;6;150000
15.07.2024;795;21;150000
15.07.2024;1127;22;150000
18.07.2024;422;11;150000
18.07.2024;988;6;150000
19.07.2024;988;17;150000
19.07.2024;1598;21;150000
20.07.2024;186;8;150000
20.07.2024;186;11;150000
21.07.2024;186;15;150000
21.07.2024;422;21;150000
21.07.2024;988;23;150000
07.07.2024;988;11;145000
27.05.2024;988;0;140000
28.05.2024;11;18;140000
01.06.2024;186;11;140000
09.06.2024;186;20;140000
13.06.2024;1127;21;140000
21.06.2024;11;10;140000
29.06.2024;1127;11;140000
14.07.2024;1127;9;140000
21.07.2024;1127;20;140000
16.06.2024;988;17;130000
28.06.2024;186;10;130000
01.07.2024;186;0;130000
08.07.2024;422;21;130000
09.07.2024;1127;20;130000
17.07.2024;186;1;130000
18.07.2024;11;6;130000
31.05.2024;988;16;120000
04.06.2024;11;0;120000
20.06.2024;11;18;120000
21.06.2024;988;14;120000
25.06.2024;988;22;120000
26.06.2024;988;13;120000
28.06.2024;186;14;120000
04.07.2024;1598;20;120000
06.07.2024;186;15;120000
07.07.2024;186;15;120000
19.07.2024;11;18;120000
10.06.2024;988;13;110000
19.06.2024;11;12;110000
19.06.2024;186;22;110000
27.06.2024;11;14;110000
05.07.2024;186;17;110000
08.07.2024;11;19;110000
17.07.2024;11;16;110000
20.07.2024;1127;8;110000
26.05.2024;11;8;100000
26.05.2024;186;22;100000
27.05.2024;11;8;100000
27.05.2024;186;13;100000
29.05.2024;186;12;100000
29.05.2024;186;19;100000
30.05.2024;186;13;100000
30.05.2024;988;12;100000
31.05.2024;11;8;100000
31.05.2024;186;18;100000
31.05.2024;988;7;100000
01.06.2024;11;15;100000
01.06.2024;11;16;100000
01.06.2024;988;7;100000
02.06.2024;422;23;100000
04.06.2024;795;21;100000
04.06.2024;795;23;100000
04.06.2024;988;6;100000
05.06.2024;186;5;100000
07.06.2024;11;12;100000
07.06.2024;795;15;100000
08.06.2024;11;13;100000
08.06.2024;1127;19;100000
09.06.2024;795;14;100000
09.06.2024;988;3;100000
10.06.2024;186;7;100000
11.06.2024;1127;18;100000
12.06.2024;988;15;100000
14.06.2024;795;8;100000
14.06.2024;795;9;100000
14.06.2024;795;14;100000
14.06.2024;795;22;100000
14.06.2024;988;8;100000
14.06.2024;1127;15;100000
15.06.2024;795;7;100000
15.06.2024;795;9;100000
15.06.2024;795;10;100000
15.06.2024;795;15;100000
15.06.2024;795;17;100000
15.06.2024;795;19;100000
16.06.2024;186;17;100000
16.06.2024;795;5;100000
16.06.2024;795;6;100000
16.06.2024;795;20;100000
16.06.2024;988;6;100000
16.06.2024;1127;21;100000
17.06.2024;795;10;100000
17.06.2024;988;11;100000
18.06.2024;795;13;100000
18.06.2024;795;20;100000
19.06.2024;11;15;100000
19.06.2024;422;16;100000
19.06.2024;795;5;100000
19.06.2024;795;15;100000
19.06.2024;795;22;100000
20.06.2024;186;18;100000
20.06.2024;422;22;100000
20.06.2024;988;6;100000
21.06.2024;422;23;100000
21.06.2024;795;15;100000
22.06.2024;11;18;100000
22.06.2024;186;12;100000
22.06.2024;795;7;100000
22.06.2024;795;23;100000
23.06.2024;422;14;100000
23.06.2024;795;9;100000
24.06.2024;11;13;100000
24.06.2024;795;5;100000
24.06.2024;988;18;100000
25.06.2024;186;0;100000
25.06.2024;422;22;100000
25.06.2024;1127;19;100000
26.06.2024;186;17;100000
26.06.2024;795;3;100000
27.06.2024;11;9;100000
27.06.2024;186;10;100000
27.06.2024;422;14;100000
27.06.2024;422;22;100000
27.06.2024;988;6;100000
29.06.2024;11;12;100000
30.06.2024;11;10;100000
30.06.2024;422;15;100000
30.06.2024;988;7;100000
30.06.2024;988;12;100000
30.06.2024;988;22;100000
01.07.2024;186;13;100000
01.07.2024;988;16;100000
04.07.2024;795;3;100000
04.07.2024;795;22;100000
06.07.2024;988;6;100000
06.07.2024;988;16;100000
08.07.2024;186;8;100000
08.07.2024;795;20;100000
09.07.2024;11;14;100000
09.07.2024;186;15;100000
09.07.2024;988;1;100000
09.07.2024;988;15;100000
10.07.2024;795;22;100000
10.07.2024;1598;20;100000
11.07.2024;422;8;100000
11.07.2024;1127;9;100000
12.07.2024;186;10;100000
12.07.2024;988;14;100000
13.07.2024;988;6;100000
13.07.2024;988;7;100000
14.07.2024;11;14;100000
14.07.2024;11;19;100000
14.07.2024;186;4;100000
14.07.2024;795;20;100000
14.07.2024;988;13;100000
14.07.2024;1598;17;100000
15.07.2024;422;19;100000
16.07.2024;186;16;100000
16.07.2024;186;17;100000
16.07.2024;988;16;100000
17.07.2024;11;14;100000
17.07.2024;795;4;100000
17.07.2024;795;17;100000
17.07.2024;1127;21;100000
18.07.2024;795;21;100000
18.07.2024;988;13;100000
18.07.2024;1127;0;100000
18.07.2024;1598;19;100000
18.07.2024;1598;20;100000
19.07.2024;186;7;100000
19.07.2024;795;21;100000
20.07.2024;422;0;100000
20.07.2024;1598;13;100000
21.07.2024;988;19;100000
21.07.2024;1598;15;100000
21.07.2024;1598;20;100000
01.06.2024;422;8;90000
16.06.2024;186;11;90000
19.06.2024;11;11;90000
19.06.2024;11;14;90000
20.06.2024;186;20;90000
23.06.2024;11;19;90000
24.06.2024;186;19;90000
01.07.2024;1127;13;90000
04.07.2024;1598;1;90000
10.07.2024;11;18;90000
14.07.2024;11;5;90000
15.07.2024;988;16;90000
16.07.2024;988;12;90000
18.07.2024;1127;15;90000
20.07.2024;988;19;90000
21.07.2024;186;11;90000
01.06.2024;988;6;80000
16.06.2024;11;11;80000
28.06.2024;1127;10;80000
30.06.2024;186;19;80000
04.07.2024;1598;3;80000
05.07.2024;11;11;80000
06.07.2024;186;21;80000
13.07.2024;422;22;80000
13.07.2024;1127;16;80000
14.07.2024;11;6;80000
16.07.2024;186;8;80000
17.07.2024;422;6;80000
13.06.2024;1127;17;70000
19.06.2024;11;18;70000
27.06.2024;186;18;70000
28.06.2024;11;18;70000
16.07.2024;1127;7;70000
18.07.2024;186;23;70000
19.07.2024;11;12;70000
20.07.2024;186;16;70000
20.07.2024;1127;6;70000
15.07.2024;988;18;65000
28.05.2024;186;14;60000
01.06.2024;422;18;60000
09.06.2024;988;20;60000
15.06.2024;11;14;60000
15.06.2024;11;21;60000
24.06.2024;988;13;60000
24.06.2024;988;20;60000
04.07.2024;1598;0;60000
12.07.2024;1127;7;60000
14.07.2024;186;10;60000
18.07.2024;422;22;60000
20.07.2024;988;16;60000
26.06.2024;988;19;55000
13.07.2024;988;12;55000
18.07.2024;988;7;55000
25.05.2024;186;16;50000
28.05.2024;11;17;50000
29.05.2024;186;13;50000
29.05.2024;988;13;50000
30.05.2024;11;14;50000
30.05.2024;422;14;50000
30.05.2024;988;18;50000
31.05.2024;988;19;50000
01.06.2024;988;9;50000
02.06.2024;186;23;50000
02.06.2024;422;22;50000
02.06.2024;988;13;50000
03.06.2024;186;10;50000
03.06.2024;988;15;50000
05.06.2024;422;14;50000
05.06.2024;795;9;50000
05.06.2024;795;15;50000
06.06.2024;988;20;50000
07.06.2024;11;15;50000
08.06.2024;795;6;50000
10.06.2024;795;0;50000
10.06.2024;988;0;50000
11.06.2024;1127;15;50000
12.06.2024;186;8;50000
12.06.2024;422;12;50000
12.06.2024;988;13;50000
12.06.2024;988;23;50000
12.06.2024;1127;19;50000
12.06.2024;1127;20;50000
13.06.2024;11;13;50000
13.06.2024;795;20;50000
13.06.2024;1127;12;50000
14.06.2024;11;21;50000
14.06.2024;422;14;50000
14.06.2024;422;15;50000
14.06.2024;795;6;50000
14.06.2024;795;7;50000
14.06.2024;795;10;50000
14.06.2024;795;15;50000
14.06.2024;795;21;50000
14.06.2024;795;23;50000
14.06.2024;988;23;50000
14.06.2024;1127;8;50000
15.06.2024;11;12;50000
15.06.2024;11;15;50000
15.06.2024;11;20;50000
15.06.2024;186;22;50000
15.06.2024;795;5;50000
15.06.2024;795;11;50000
15.06.2024;795;13;50000
15.06.2024;795;18;50000
15.06.2024;1127;13;50000
16.06.2024;11;10;50000
16.06.2024;795;10;50000
16.06.2024;795;11;50000
16.06.2024;795;16;50000
16.06.2024;795;17;50000
16.06.2024;795;19;50000
16.06.2024;795;22;50000
16.06.2024;1127;17;50000
17.06.2024;11;17;50000
17.06.2024;422;22;50000
17.06.2024;795;5;50000
17.06.2024;795;6;50000
17.06.2024;795;13;50000
17.06.2024;795;21;50000
17.06.2024;795;23;50000
17.06.2024;988;21;50000
18.06.2024;11;8;50000
18.06.2024;11;14;50000
18.06.2024;11;15;50000
18.06.2024;11;17;50000
18.06.2024;422;23;50000
18.06.2024;795;5;50000
18.06.2024;795;6;50000
18.06.2024;795;17;50000
18.06.2024;988;16;50000
18.06.2024;1127;11;50000
19.06.2024;11;21;50000
19.06.2024;422;12;50000
19.06.2024;795;14;50000
19.06.2024;795;18;50000
20.06.2024;11;6;50000
20.06.2024;11;23;50000
20.06.2024;988;13;50000
21.06.2024;11;7;50000
21.06.2024;988;8;50000
22.06.2024;186;9;50000
22.06.2024;795;20;50000
23.06.2024;795;7;50000
23.06.2024;795;14;50000
24.06.2024;11;11;50000
24.06.2024;186;10;50000
24.06.2024;422;15;50000
24.06.2024;795;15;50000
25.06.2024;795;10;50000
26.06.2024;988;6;50000
27.06.2024;11;6;50000
27.06.2024;186;11;50000
27.06.2024;988;13;50000
27.06.2024;988;15;50000
27.06.2024;988;21;50000
27.06.2024;1127;21;50000
28.06.2024;186;12;50000
28.06.2024;1127;11;50000
30.06.2024;11;3;50000
04.07.2024;1127;0;50000
05.07.2024;988;9;50000
06.07.2024;11;7;50000
06.07.2024;186;8;50000
06.07.2024;1127;16;50000
07.07.2024;988;1;50000
07.07.2024;988;5;50000
08.07.2024;186;21;50000
08.07.2024;795;15;50000
10.07.2024;186;5;50000
10.07.2024;186;10;50000
10.07.2024;795;20;50000
11.07.2024;186;23;50000
11.07.2024;988;12;50000
11.07.2024;1127;21;50000
12.07.2024;11;7;50000
12.07.2024;11;10;50000
12.07.2024;186;15;50000
13.07.2024;795;20;50000
14.07.2024;11;18;50000
14.07.2024;422;14;50000
14.07.2024;422;22;50000
14.07.2024;1127;13;50000
15.07.2024;11;16;50000
15.07.2024;795;16;50000
15.07.2024;988;6;50000
16.07.2024;988;21;50000
17.07.2024;11;17;50000
18.07.2024;1127;8;50000
18.07.2024;1598;0;50000
19.07.2024;11;7;50000
20.07.2024;795;21;50000
31.05.2024;422;17;40000
31.05.2024;422;19;40000
31.05.2024;422;22;40000
01.06.2024;422;11;40000
01.06.2024;422;16;40000
01.06.2024;422;20;40000
01.06.2024;422;21;40000
08.06.2024;186;14;40000
10.06.2024;186;19;40000
11.06.2024;186;18;40000
11.06.2024;988;19;40000
17.06.2024;186;15;40000
20.06.2024;11;15;40000
22.06.2024;186;20;40000
24.06.2024;11;0;40000
04.07.2024;11;23;40000
06.07.2024;11;8;40000
08.07.2024;186;2;40000
08.07.2024;186;16;40000
18.07.2024;186;15;40000
19.07.2024;186;19;40000
21.07.2024;186;23;40000
21.07.2024;988;10;40000
15.06.2024;988;2;35000
26.05.2024;186;20;30000
30.05.2024;988;14;30000
30.05.2024;988;21;30000
31.05.2024;422;18;30000
01.06.2024;186;0;30000
01.06.2024;422;17;30000
04.06.2024;186;9;30000
05.06.2024;1127;13;30000
06.06.2024;186;19;30000
18.06.2024;11;20;30000
21.06.2024;186;13;30000
25.06.2024;988;13;30000
26.06.2024;186;23;30000
28.06.2024;422;22;30000
28.06.2024;1127;8;30000
29.06.2024;11;22;30000
29.06.2024;1127;15;30000
07.07.2024;988;14;30000
08.07.2024;1127;11;30000
10.07.2024;1127;20;30000
12.07.2024;186;13;30000
12.07.2024;1127;12;30000
18.07.2024;1127;14;30000
20.07.2024;988;23;30000
26.05.2024;988;15;20000
29.05.2024;988;15;20000
01.06.2024;422;19;20000
01.06.2024;422;22;20000
02.06.2024;186;22;20000
02.06.2024;988;22;20000
08.06.2024;988;21;20000
11.06.2024;186;21;20000
26.06.2024;11;18;20000
26.06.2024;186;10;20000
27.06.2024;11;16;20000
27.06.2024;186;12;20000
27.06.2024;186;19;20000
05.07.2024;11;21;20000
09.07.2024;186;21;20000
15.07.2024;186;19;20000
17.07.2024;1598;3;20000
18.07.2024;1598;12;20000
20.07.2024;988;0;15000
30.05.2024;988;17;10000
31.05.2024;422;21;10000
01.06.2024;186;10;10000
18.06.2024;422;12;10000
27.06.2024;1127;19;10000
28.06.2024;1127;18;10000
29.06.2024;186;18;10000
04.07.2024;186;0;10000
07.07.2024;1127;16;10000
13.06.2024;988;21;5000
